DOI,Relation,GeoNamesID
10.2307/41488394,content,5128581
10.2307/41488394,author,4914512
10.2307/41488394,content,4560349
10.2307/41488394,author,4914512
10.2307/41488394,content,4887398
10.2307/41488394,author,4914512
10.2307/41488425,content,2186224
10.2307/41488425,author,2654710
10.2307/41488425,content,6269131
10.2307/41488425,author,2654710
10.2307/4330841,content,6269131
10.2307/4330841,author,4930956
10.2307/4330842,content,2782113
10.2307/4330845,content,6251999
10.2307/4330845,author,5725846
10.2307/4330844,content,3017382
10.2307/41488458,content,6252001
10.2307/41488459,content,2017370
10.2307/41488452,content,4140963
10.2307/41488452,author,4140963
10.2307/41488453,content,2921044
10.2307/41488453,author,4887398
10.2307/41488451,content,6269131
10.2307/41488457,content,6252001
10.2307/41488454,content,3367577
10.2307/41488454,author,2855745
10.2307/41488455,content,390903
10.2307/41488455,author,281184
10.2307/4331610,content,6269131
10.2307/4331610,author,4254679
10.2307/4331223,content,6252001
10.2307/4331223,author,5113752
10.2307/4331220,content,6252001
10.2307/4331220,author,4140963
10.2307/4331227,content,6269131
10.2307/4331227,author,4931972
10.2307/4331229,content,2017370
10.2307/4331317,content,6252001
10.2307/4331317,author,4460162
10.2307/4331314,content,6252001
10.2307/4331312,content,2921044
10.2307/4331312,author,4843786
10.2307/4331310,content,6269131
10.2307/4331310,author,4931972
10.2307/4331311,author,4156404
10.2307/4331486,author,5113752
10.2307/4331487,content,6252001
10.2307/4331487,content,6251999
10.2307/4331956,content,6252001
10.2307/4331956,author,4984247
10.2307/4331485,content,2921044
10.2307/4331482,content,6252001
10.2307/4331483,content,6252001
10.2307/4331480,content,6252001
10.2307/4331481,content,6252001
10.2307/4331481,author,2988507
10.2307/40271565,content,6269131
10.2307/40271564,content,5113223
10.2307/40271564,content,6252001
10.2307/40271567,content,6252001
10.2307/40271567,author,4347778
10.2307/40271561,content,5128581
10.2307/40271561,author,5102922
10.2307/40271561,content,6269131
10.2307/40271561,author,5102922
10.2307/40271560,content,2623032
10.2307/40271560,author,3143244
10.2307/40271560,content,2618425
10.2307/40271560,author,3143244
10.2307/40271563,content,4929024
10.2307/40271563,author,5391811
10.2307/40271562,content,6252001
10.2307/40271562,author,5351247
10.2307/4330570,content,2618425
10.2307/4330570,author,5969423
10.2307/4330570,content,2921044
10.2307/4330570,author,5969423
10.2307/4330573,author,4956184
10.2307/4330572,content,1275004
10.2307/4330572,author,4834157
10.2307/4330572,content,6269131
10.2307/4330572,author,4834157
10.2307/4330574,content,3171728
10.2307/4330574,author,4929022
10.2307/4330574,content,7288046
10.2307/4330574,author,4929022
10.2307/4330577,content,3017382
10.2307/4330577,author,5720727
10.2307/4330576,content,7288046
10.2307/4330576,author,4931972
10.2307/4330576,content,2666199
10.2307/4330576,author,4931972
10.2307/4330576,content,2946447
10.2307/4330576,author,4931972
10.2307/4330579,content,2921044
10.2307/4330579,author,4509177
10.2307/4330578,content,2921044
10.2307/4330578,author,5969423
10.2307/4330578,content,6269131
10.2307/4330578,author,5969423
10.2307/4331000,content,6252001
10.2307/4331000,content,6269131
10.2307/4331001,content,6252001
10.2307/4331556,content,4099753
10.2307/4331557,content,6269131
10.2307/4331557,author,4887398
10.2307/4331828,content,4846179
10.2307/4331828,author,5141502
10.2307/4331829,content,6262131
10.2307/4331829,author,4991640
10.2307/4331798,content,390903
10.2307/4331820,content,6269131
10.2307/4331821,content,2078025
10.2307/4331821,content,2077456
10.2307/4331790,content,4197000
10.2307/4331791,content,5332921
10.2307/4331796,content,6252001
10.2307/4331797,content,2077456
10.2307/4331797,content,6251999
10.2307/4331794,content,554234
10.2307/4331794,content,1797929
10.2307/4331827,content,5363943
10.2307/4331827,author,5525577
10.2307/4331526,content,6252001
10.2307/4331526,content,6269131
10.2307/4330688,content,3182230
10.2307/4330685,content,6252001
10.2307/4331176,content,3017382
10.2307/4331177,content,6252001
10.2307/4331174,content,2921044
10.2307/4331174,author,5261457
10.2307/4331175,content,390903
10.2307/4331175,author,4887398
10.2307/4331172,content,6252001
10.2307/4331172,author,2643123
10.2307/4331173,author,2643123
10.2307/4331170,content,6252001
10.2307/4331170,author,2988507
10.2307/4331171,content,6252001
10.2307/4331171,author,5856195
10.2307/4331179,content,2988507
10.2307/4331179,author,4929022
10.2307/4330759,content,390903
10.2307/4330758,content,2510769
10.2307/4330977,author,5318313
10.2307/4330976,content,5113223
10.2307/4330976,author,5317058
10.2307/4330971,content,6252001
10.2307/4330971,author,5317058
10.2307/4330971,content,6252001
10.2307/4330971,author,5037649
10.2307/4330973,content,6252001
10.2307/4330973,author,4351977
10.2307/4330973,content,6269131
10.2307/4330973,author,4351977
10.2307/4330972,author,5261457
10.2307/4330751,content,6269131
10.2307/4330751,author,5720727
10.2307/4330750,content,6269131
10.2307/4330750,author,2643743
10.2307/4330753,content,6252001
10.2307/4330753,author,4931972
10.2307/4330752,content,6269131
10.2307/4330752,author,4954380
10.2307/4330757,content,2017370
10.2307/4330756,content,1269750
10.2307/4330756,content,3469034
10.2307/4330999,content,6269131
10.2307/4330999,author,4180439
10.2307/4330994,content,6252001
10.2307/4330994,content,6269131
10.2307/4330994,content,2921044
10.2307/4330991,author,5327684
10.2307/4330990,content,6269131
10.2307/4330990,author,8469294
10.2307/41488448,content,1269750
10.2307/41488445,content,6269131
10.2307/41488444,content,2623032
10.2307/41488444,author,5992500
10.2307/41488447,content,5109177
10.2307/41488441,content,6269131
10.2307/41488441,author,4931972
10.2307/41488441,content,2921044
10.2307/41488441,author,4931972
10.2307/41488440,author,2996944
10.2307/41488443,content,2797656
10.2307/41488443,author,2973495
10.2307/41488442,content,2921044
10.2307/41488442,author,295530
10.2307/4331148,content,2017370
10.2307/4331148,author,4543762
10.2307/4330498,content,6269131
10.2307/4330498,author,4834157
10.2307/40984886,content,4887398
10.2307/40984884,content,2921044
10.2307/40984883,content,2921044
10.2307/40984883,author,293397
10.2307/40984882,content,6252001
10.2307/40984882,author,4780837
10.2307/40984881,content,6252001
10.2307/40984881,author,293807
10.2307/40984880,content,6252001
10.2307/40984880,author,4839366
10.2307/40984880,content,2921044
10.2307/40984880,author,4839366
10.2307/4331363,content,5332921
10.2307/4331363,author,5341704
10.2307/4331363,content,2921044
10.2307/4331363,author,5341704
10.2307/4331362,content,2879139
10.2307/4331362,author,2147714
10.2307/4331362,content,4887398
10.2307/4331362,author,2147714
10.2307/4331367,content,6252001
10.2307/4331367,author,4156404
10.2307/4331367,content,6269131
10.2307/4331367,author,4156404
10.2307/4331367,content,3175395
10.2307/4331367,author,4156404
10.2307/4331366,content,6269131
10.2307/4331366,author,5261457
10.2307/4331366,content,3017382
10.2307/4331366,author,5261457
10.2307/4331366,content,2623032
10.2307/4331366,author,5261457
10.2307/4331366,content,934292
10.2307/4331366,author,5261457
10.2307/4331365,content,2750405
10.2307/4331364,content,6269131
10.2307/4331364,author,4744326
10.2307/4330761,content,390903
10.2307/4331960,content,2921044
10.2307/4331965,content,3017382
10.2307/4331965,author,2988507
10.2307/4331967,content,6252001
10.2307/4331966,content,4138106
10.2307/4331966,author,2644688
10.2307/4331966,content,6252001
10.2307/4331966,author,2644688
10.2307/4331969,content,2782113
10.2307/4331969,author,5206379
10.2307/4331968,content,6252001
10.2307/4331968,author,5102922
10.2307/4331968,content,2782113
10.2307/4331968,author,5102922
10.2307/4330569,content,3017382
10.2307/4330569,author,4931972
10.2307/4330564,content,2629131
10.2307/4330564,author,5122432
10.2307/4330565,content,3017382
10.2307/4330565,author,4991640
10.2307/4330562,author,4930956
10.2307/4330563,content,2921044
10.2307/4330563,author,5969423
10.2307/4330560,content,3175395
10.2307/4330560,author,4930956
10.2307/4330561,author,2643743
10.2307/4331565,author,2650225
10.2307/4331565,author,2655603
10.2307/4331565,author,2657832
10.2307/4331564,content,6252001
10.2307/4331564,author,4560349
10.2307/4331567,content,4846834
10.2307/4331567,author,4143861
10.2307/4331566,author,2643123
10.2307/4331563,content,3017382
10.2307/4331563,author,5144040
10.2307/4331569,content,6252001
10.2307/4331569,content,6269131
10.2307/4331569,content,3017382
10.2307/4331569,content,2921044
10.2307/4331815,content,6252001
10.2307/4331814,content,2921044
10.2307/4331814,content,2017370
10.2307/4331765,content,6252001
10.2307/4331764,content,6252001
10.2307/4331811,content,6252001
10.2307/4331811,content,6269131
10.2307/4331762,content,2017370
10.2307/4331761,content,6252001
10.2307/4331761,author,4174715
10.2307/4331819,content,2661886
10.2307/4331769,content,6269131
10.2307/4331589,author,5317058
10.2307/4331588,content,6252001
10.2307/4331588,author,1845136
10.2307/4331587,content,6269131
10.2307/4331587,author,2172563
10.2307/4331586,content,6269131
10.2307/4331586,author,2745912
10.2307/4331585,content,2921044
10.2307/4331585,author,4990729
10.2307/4331585,content,6269131
10.2307/4331585,author,4990729
10.2307/4331584,author,2950159
10.2307/4331581,content,6252001
10.2307/4331580,content,2658434
10.2307/4330691,content,6269131
10.2307/4330691,author,4914570
10.2307/4330692,content,2921044
10.2307/4330692,author,8469294
10.2307/4330693,content,6269131
10.2307/4330693,author,4930956
10.2307/4330694,author,4254679
10.2307/4330695,author,3143244
10.2307/4330696,content,2653941
10.2307/4330696,author,5368361
10.2307/4330697,content,2782113
10.2307/4331100,content,4482348
10.2307/4331100,content,4597040
10.2307/4331107,content,6269131
10.2307/4331106,content,6269131
10.2307/4331106,author,2171507
10.2307/4331109,content,6269131
10.2307/4331109,author,2655984
10.2307/4331108,author,2988507
10.2307/4330746,content,6269131
10.2307/4330746,author,5856195
10.2307/4330744,content,3017382
10.2307/4330744,author,4929022
10.2307/4330745,content,4560349
10.2307/4330745,author,5128581
10.2307/4330967,content,2658434
10.2307/4330964,content,6252001
10.2307/4330965,content,6252001
10.2307/4331617,content,3469034
10.2307/4331615,content,2921044
10.2307/4331613,content,2921044
10.2307/4331613,author,2950159
10.2307/4331612,content,6252001
10.2307/4331611,content,6269131
10.2307/4331611,author,4560349
10.2307/4330749,content,2017370
10.2307/4330749,author,524901
10.2307/4330989,content,3017382
10.2307/4330989,author,2965140
10.2307/4330984,content,6269131
10.2307/4330984,content,2750405
10.2307/4330981,content,6252001
10.2307/4330983,content,6269131
10.2307/4330885,content,2658434
10.2307/4330884,content,2921044
10.2307/29737538,content,6252001
10.2307/29737539,content,6252001
10.2307/29737530,content,2921044
10.2307/29737530,author,2193733
10.2307/29737530,content,2921044
10.2307/29737530,author,2190324
10.2307/29737531,content,2782113
10.2307/29737531,author,5363943
10.2307/29737531,content,2921044
10.2307/29737531,author,5363943
10.2307/29737532,content,2802361
10.2307/29737532,author,2792482
10.2307/29737533,content,6252001
10.2307/29737533,author,4509884
10.2307/29737534,content,2755251
10.2307/29737534,author,2755251
10.2307/29737535,content,2017370
10.2307/29737535,author,293788
10.2307/4331803,content,3996063
10.2307/4331803,author,3515431
10.2307/4331772,content,2988507
10.2307/4330777,content,6252001
10.2307/4330777,author,5819244
10.2307/4331378,author,4931482
10.2307/4331379,content,6269131
10.2307/4331379,author,6091104
10.2307/4331370,content,6252001
10.2307/4331371,content,6252001
10.2307/4331371,content,2017370
10.2307/4331373,content,4482348
10.2307/4331376,content,6252001
10.2307/4331377,content,2921044
10.2307/4330513,author,5363943
10.2307/4330512,author,5327684
10.2307/4330511,content,2021044
10.2307/4330511,author,4254679
10.2307/4330511,content,6269131
10.2307/4330511,author,4254679
10.2307/4330510,author,5337696
10.2307/4330517,content,6269131
10.2307/4330515,author,4984247
10.2307/4330514,content,6269131
10.2307/4330514,content,6252001
10.2307/4331572,content,3017382
10.2307/4331572,content,2658434
10.2307/4331573,content,3017382
10.2307/4331570,content,6251999
10.2307/4331571,content,2921044
10.2307/4331576,content,6252001
10.2307/4331577,content,2017370
10.2307/4331574,content,2077456
10.2307/4331574,content,1650535
10.2307/4331574,content,1648148
10.2307/4331802,content,6269131
10.2307/4331775,content,6252001
10.2307/4331801,content,357994
10.2307/4331801,content,3017382
10.2307/4331806,content,6269131
10.2307/4331806,author,4931972
10.2307/4331804,content,6252001
10.2307/4331804,author,281184
10.2307/4331804,content,6269131
10.2307/4331804,author,281184
10.2307/4331804,content,2017370
10.2307/4331804,author,281184
10.2307/4331805,author,4780837
10.2307/4331779,content,6252001
10.2307/4331779,author,2643743
10.2307/4331598,content,6269131
10.2307/4331599,content,2921044
10.2307/4331595,content,3017382
10.2307/4331597,content,2921044
10.2307/4331590,content,6252001
10.2307/4331591,content,2077456
10.2307/4331592,content,5744337
10.2307/4331592,content,5815135
10.2307/4331592,content,5909050
10.2307/4331110,content,2921044
10.2307/4331110,author,4931972
10.2307/4331112,content,6251999
10.2307/4331116,content,6269131
10.2307/4331116,author,4180439
10.2307/4331117,content,6269131
10.2307/4331117,author,4843786
10.2307/4331118,content,6252001
10.2307/4331118,author,5261457
10.2307/4331119,content,6252001
10.2307/4331119,author,4509177
10.2307/4331974,content,6252001
10.2307/4331974,author,4839822
10.2307/4331975,content,6251999
10.2307/4331972,content,6269131
10.2307/4331970,content,2921044
10.2307/4330580,content,2921044
10.2307/4330581,content,390903
10.2307/4330581,author,5134086
10.2307/4330733,content,6269131
10.2307/4330732,content,3017382
10.2307/4330731,content,4407066
10.2307/4330731,author,4407066
10.2307/4330730,content,6269131
10.2307/4330730,author,4954380
10.2307/4330737,content,6269131
10.2307/4330736,content,390903
10.2307/4330734,content,2750405
10.2307/4330734,content,2017370
10.2307/4331604,content,4347778
10.2307/4331605,content,6252001
10.2307/4331606,content,6252001
10.2307/4330738,content,6269131
10.2307/4331603,content,3017382
10.2307/4331517,content,6252001
10.2307/40271537,content,4155751
10.2307/4331053,content,6269131
10.2307/4331053,author,4558942
10.2307/4331510,content,6252001
10.2307/4331510,author,2800866
10.2307/4331055,content,6252001
10.2307/4331054,content,2921044
10.2307/4331054,author,4845419
10.2307/4331054,content,6252001
10.2307/4331054,author,4845419
10.2307/4330647,content,3017382
10.2307/4330647,author,8469294
10.2307/4330646,content,6269131
10.2307/4330646,author,5327684
10.2307/4330645,author,5720727
10.2307/40271531,content,3658931
10.2307/40271531,author,5327684
10.2307/4330643,content,6252001
10.2307/4330643,author,4835797
10.2307/4330642,content,453733
10.2307/4331512,content,6252001
10.2307/4331512,author,4560349
10.2307/29737522,content,6252001
10.2307/29737521,content,6252001
10.2307/29737521,content,2782113
10.2307/29737520,content,5327684
10.2307/29737527,content,6252001
10.2307/29737525,content,6252001
10.2307/4332000,content,2921044
10.2307/4331345,content,2921044
10.2307/4331344,content,6252001
10.2307/4331341,content,2921044
10.2307/4331340,content,6252001
10.2307/4331349,content,3077311
10.2307/4331348,content,6269131
10.2307/4331348,author,4543762
10.2307/4330508,content,6269131
10.2307/4331706,content,6167865
10.2307/4331706,author,6167865
10.2307/4330500,content,2921044
10.2307/4330500,content,2017370
10.2307/4330505,author,4887398
10.2307/4330506,content,6252001
10.2307/4330507,content,2750405
10.2307/4331741,content,6269131
10.2307/4331740,content,2017370
10.2307/4331742,content,6252001
10.2307/4331296,content,2077456
10.2307/4331296,author,2759794
10.2307/4331295,content,6252001
10.2307/4331295,author,5341704
10.2307/4331294,content,2802361
10.2307/4331294,content,6252001
10.2307/4331749,content,6269131
10.2307/4331748,content,6269131
10.2307/4331299,content,6269131
10.2307/4331298,content,6252001
10.2307/4331298,author,5393052
10.2307/40271488,content,6252001
10.2307/40271488,author,5037649
10.2307/40271486,content,6252001
10.2307/40271486,author,5128824
10.2307/40271487,content,6252001
10.2307/40271487,author,2657896
10.2307/40271485,content,6252001
10.2307/40271485,author,6173331
10.2307/4331129,content,4943140
10.2307/4331129,author,4744709
10.2307/4331128,content,2017370
10.2307/4331128,author,4930956
10.2307/4331124,content,2660646
10.2307/4331127,content,3017382
10.2307/4331127,author,2759794
10.2307/4331121,content,6269131
10.2307/4331120,content,6269131
10.2307/4331120,author,5128581
10.2307/4331123,content,6269131
10.2307/4331122,content,6269131
10.2307/4331909,content,3017382
10.2307/4331908,content,2921044
10.2307/4331903,content,2921044
10.2307/4331901,content,6252001
10.2307/4331907,content,6269131
10.2307/4331906,content,6252001
10.2307/4331905,content,2510769
10.2307/4331904,content,4398678
10.2307/4331639,content,6252001
10.2307/4331638,content,6252001
10.2307/4330725,content,2921044
10.2307/4330725,author,4931972
10.2307/4330726,content,2510769
10.2307/4330726,author,2509954
10.2307/4330727,content,390903
10.2307/4330727,author,5100748
10.2307/4330728,content,6252001
10.2307/4330728,author,5261457
10.2307/4330729,content,3077311
10.2307/4330729,author,5969423
10.2307/4331633,content,6269131
10.2307/4331633,author,2643743
10.2307/4331635,content,6269131
10.2307/4331634,content,6269131
10.2307/4331634,author,5809844
10.2307/4331637,content,2921044
10.2307/4331637,author,2800866
10.2307/4331637,content,2802361
10.2307/4331637,author,2800866
10.2307/4331636,content,6269131
10.2307/4331636,author,2644688
10.2307/4331954,content,2921044
10.2307/4331957,content,6252001
10.2307/4331957,content,2658434
10.2307/40271568,content,2761369
10.2307/4331952,content,6252001
10.2307/4330654,content,6269131
10.2307/4330654,author,5327684
10.2307/4330655,content,6269131
10.2307/4330655,author,4930956
10.2307/4330656,content,2510769
10.2307/4330656,author,4930956
10.2307/4330657,content,5327684
10.2307/4330657,author,5327684
10.2307/4330651,content,390903
10.2307/4330651,author,5368361
10.2307/4330652,content,2921044
10.2307/4330652,author,6167865
10.2307/4330652,content,3017382
10.2307/4330652,author,6167865
10.2307/4330653,content,6252001
10.2307/4330653,author,4930956
10.2307/4330653,content,6269131
10.2307/4330653,author,4930956
10.2307/4331958,content,6269131
10.2307/4331959,content,390903
10.2307/29737518,content,6252001
10.2307/29737519,content,5855797
10.2307/29737519,content,6269131
10.2307/29737516,content,2782113
10.2307/29737514,content,6269131
10.2307/29737514,author,4254679
10.2307/29737515,content,2017370
10.2307/29737515,author,6167865
10.2307/29737511,content,6252001
10.2307/4331558,content,6252001
10.2307/4331558,content,6251999
10.2307/4331009,content,6269131
10.2307/4331009,author,5122432
10.2307/4330644,content,2921044
10.2307/4330644,author,2614481
10.2307/4330644,content,3017382
10.2307/4330644,author,2614481
10.2307/4331551,content,2921044
10.2307/4331552,content,6252001
10.2307/4331553,content,6252001
10.2307/4331005,content,3017382
10.2307/4331352,content,390903
10.2307/4331352,author,293725
10.2307/4331353,content,6269131
10.2307/4331353,author,5327684
10.2307/4331350,content,2921044
10.2307/4331350,content,6269131
10.2307/4331351,content,6269131
10.2307/4331351,author,5327684
10.2307/4331355,content,6269131
10.2307/4331358,content,6252001
10.2307/4331826,content,6252001
10.2307/4331826,author,4140963
10.2307/4331795,content,4801859
10.2307/4330535,content,6252001
10.2307/4330535,author,4771075
10.2307/4330534,content,6252001
10.2307/4330534,author,5150529
10.2307/4330534,content,6269131
10.2307/4330534,author,5150529
10.2307/4330536,author,4254679
10.2307/4330531,content,6269131
10.2307/4330531,author,4887398
10.2307/4330530,content,3017382
10.2307/4330533,content,6252001
10.2307/4330533,author,5159537
10.2307/4330532,content,2017370
10.2307/4330532,author,4931972
10.2307/4330539,content,2802361
10.2307/4330539,author,4931972
10.2307/4331758,content,2629691
10.2307/4331758,author,2643123
10.2307/4331759,content,6252001
10.2307/4331759,author,4351977
10.2307/4331759,content,6269131
10.2307/4331759,author,4351977
10.2307/4331757,content,2921044
10.2307/4331757,author,4839366
10.2307/4331752,content,6269131
10.2307/4331750,content,6269131
10.2307/4331280,content,6252001
10.2307/4331280,author,2875601
10.2307/4331280,content,6269131
10.2307/4331280,author,2875601
10.2307/4331281,content,3017382
10.2307/4331282,content,1861060
10.2307/4331282,author,1849053
10.2307/4331283,content,2921044
10.2307/4331283,author,5102922
10.2307/4331284,content,6269131
10.2307/4331284,author,5107129
10.2307/4331289,content,6252001
10.2307/40271494,content,6252001
10.2307/4331132,content,2921044
10.2307/4331133,content,6252001
10.2307/4331133,author,5224151
10.2307/4331130,content,6269131
10.2307/4331130,author,5224151
10.2307/4331131,author,5224151
10.2307/4331137,content,2921044
10.2307/4331134,content,2921044
10.2307/4331918,content,6269131
10.2307/4331918,content,2921044
10.2307/4331919,content,6269131
10.2307/4331919,author,4347778
10.2307/4331910,content,6252001
10.2307/4331911,content,6252001
10.2307/4331912,content,6252001
10.2307/4331913,content,6252001
10.2307/4331916,content,6269131
10.2307/4331916,author,4174715
10.2307/4331917,content,6269131
10.2307/4331917,author,2655984
10.2307/4330719,content,2510769
10.2307/4330718,content,6269131
10.2307/4330715,content,6252001
10.2307/4330715,author,5368361
10.2307/4330714,content,390903
10.2307/4330714,author,4297983
10.2307/4330717,content,6269131
10.2307/4330711,content,6269131
10.2307/4330711,author,2655603
10.2307/4330710,content,6252001
10.2307/4330710,author,6167865
10.2307/4330713,content,6252001
10.2307/4330713,author,5261457
10.2307/4330713,content,2921044
10.2307/4330713,author,5261457
10.2307/4330713,content,6269131
10.2307/4330713,author,5261457
10.2307/4330712,author,5128581
10.2307/4331627,content,6252001
10.2307/4331622,content,5843591
10.2307/4331620,content,6269131
10.2307/4331621,content,6252001
10.2307/4331629,content,2921044
10.2307/4330669,content,390903
10.2307/4330669,author,5109177
10.2307/4330668,content,6269131
10.2307/4330668,author,6167865
10.2307/4330887,content,2643743
10.2307/4330881,content,6269131
10.2307/4330881,author,2172517
10.2307/4330880,content,390903
10.2307/4330880,author,5263045
10.2307/4330883,content,6252001
10.2307/4330882,author,4407066
10.2307/4330663,content,3017382
10.2307/4330663,content,6252001
10.2307/4330663,content,6269131
10.2307/4330667,content,6269131
10.2307/4330667,author,6183235
10.2307/4330666,content,6269131
10.2307/4330666,author,4843786
10.2307/4330868,content,3017382
10.2307/4330866,content,2510769
10.2307/4330866,author,4562144
10.2307/4330865,content,6269131
10.2307/4330865,author,2171507
10.2307/4330865,content,2750405
10.2307/4330865,author,2171507
10.2307/4330864,content,390903
10.2307/4330864,author,2792413
10.2307/4330863,content,6269131
10.2307/4330863,author,2643743
10.2307/4330862,author,3530597
10.2307/4330861,author,6077243
10.2307/29737501,content,6269131
10.2307/29737501,content,2017370
10.2307/29737500,content,6269131
10.2307/29737500,author,5746545
10.2307/29737503,content,6269131
10.2307/29737503,content,1269750
10.2307/29737505,content,6252001
10.2307/29737505,content,3469034
10.2307/29737504,content,3017382
10.2307/29737507,content,6252001
10.2307/29737509,content,6269131
10.2307/4331072,content,6252001
10.2307/4332009,content,2017370
10.2307/4332008,content,6252001
10.2307/4331071,content,6269131
10.2307/4332001,content,6252001
10.2307/4331070,content,6269131
10.2307/4331070,author,2643123
10.2307/4332007,content,6252001
10.2307/4332006,content,6252001
10.2307/41653588,content,5332921
10.2307/41653589,content,5417618
10.2307/41653589,author,5318313
10.2307/4330522,content,6252001
10.2307/4330522,author,4347778
10.2307/4330523,content,2638236
10.2307/4330523,author,4381982
10.2307/4330520,content,6269131
10.2307/4330520,author,4991640
10.2307/4330521,author,2657832
10.2307/4330526,content,2017370
10.2307/4330524,author,5206379
10.2307/41653567,content,2017370
10.2307/41653567,author,5128581
10.2307/41653567,content,2017370
10.2307/41653567,author,6167865
10.2307/41653568,content,6252001
10.2307/41653568,author,4560349
10.2307/41653569,content,6252001
10.2307/41653569,author,5368361
10.2307/41653569,content,2017370
10.2307/41653569,author,5368361
10.2307/4330529,content,390903
10.2307/4331723,content,2921044
10.2307/4331722,content,2782113
10.2307/4331721,content,5879092
10.2307/4331720,content,6252001
10.2307/4331720,content,6251999
10.2307/4331720,content,2077456
10.2307/4331720,content,2186224
10.2307/4331724,content,3077311
10.2307/4330525,content,6252001
10.2307/4330525,author,4931972
10.2307/4330975,content,6252001
10.2307/4330975,author,4347778
10.2307/4330974,author,5122432
10.2307/4331437,content,6252001
10.2307/4331437,author,5045360
10.2307/4331437,content,6252001
10.2307/4331437,author,4543762
10.2307/4331436,content,6269131
10.2307/4331435,content,6252001
10.2307/4331926,content,6269131
10.2307/4331921,content,6269131
10.2307/4331921,author,5206379
10.2307/4331432,content,2017370
10.2307/4331432,author,5391959
10.2307/4331432,content,2921044
10.2307/4331432,author,5391959
10.2307/4331923,author,5391959
10.2307/4331430,content,6269131
10.2307/4331430,author,2643743
10.2307/4331430,content,1269750
10.2307/4331430,author,2643743
10.2307/4331380,content,6252001
10.2307/4331382,content,3017382
10.2307/4331382,content,2661886
10.2307/4331929,content,2751773
10.2307/4331929,content,2650225
10.2307/4331929,content,6252001
10.2307/4331439,content,3017381
10.2307/4331439,content,2921044
10.2307/4331439,content,6269131
10.2307/4331438,content,2921044
10.2307/4331438,content,2017370
10.2307/4331442,content,2921044
10.2307/4331442,content,453733
10.2307/4331440,content,3017382
10.2307/4331330,content,2077456
10.2307/4331331,content,2077456
10.2307/4331331,author,4931972
10.2307/4330706,content,3017382
10.2307/4330978,content,6252001
10.2307/4330978,author,5139865
10.2307/4330978,content,6269131
10.2307/4330978,author,5139865
10.2307/4331653,content,2750405
10.2307/4331653,content,2802361
10.2307/4331652,content,2921044
10.2307/4331651,content,3017382
10.2307/4331651,content,6269131
10.2307/4331650,content,2921044
10.2307/4331650,content,2017370
10.2307/4331654,content,6252001
10.2307/4331925,content,6269131
10.2307/4331925,content,6252001
10.2307/4330892,content,2750405
10.2307/4330892,author,5574991
10.2307/4330890,content,6269131
10.2307/4330890,author,2643743
10.2307/4330891,content,6269131
10.2307/4330894,content,6269131
10.2307/4330894,author,5128581
10.2307/4330895,content,2802361
10.2307/4330895,author,4931972
10.2307/4330899,content,2661886
10.2307/4330678,content,3077311
10.2307/4330678,author,4931972
10.2307/4330679,content,6269131
10.2307/40801946,content,3017382
10.2307/40801946,author,2988507
10.2307/40801947,content,2921044
10.2307/40801947,author,5261457
10.2307/4330878,content,6269131
10.2307/4330878,author,2643743
10.2307/4330879,content,3017382
10.2307/4330879,author,4931972
10.2307/4330877,content,2921044
10.2307/4330870,content,2988507
10.2307/4330871,content,6269131
10.2307/40801948,content,6269131
10.2307/40801948,author,4887398
10.2307/4332018,content,2017370
10.2307/4332018,author,4839366
10.2307/4332019,content,6269131
10.2307/4332013,author,2643123
10.2307/4332014,content,6252001
10.2307/4332014,author,45600349
10.2307/4332015,content,3017382
10.2307/4332015,author,2988507
10.2307/4332016,content,2921044
10.2307/4332016,author,2867714
10.2307/4332017,content,6252001
10.2307/4332017,content,3996063
10.2307/4331792,content,6269131
10.2307/4331793,content,3017382
10.2307/4331538,content,6252001
10.2307/4331539,content,6252001
10.2307/41653591,content,5332921
10.2307/41653591,author,5392952
10.2307/41653590,content,6252001
10.2307/41653590,author,5045360
10.2307/41653593,content,2921044
10.2307/41653573,content,1814991
10.2307/41653573,author,4407066
10.2307/41653572,content,798544
10.2307/41653572,author,5128581
10.2307/41653571,content,3175395
10.2307/41653571,author,3169070
10.2307/41653570,content,6252001
10.2307/41653570,author,5102922
10.2307/4330559,author,6167865
10.2307/41653574,author,293788
10.2307/4331738,content,6252001
10.2307/4331739,content,2921044
10.2307/4331924,content,6269131
10.2307/4331924,author,4891382
10.2307/4331732,content,5113375
10.2307/4331732,author,2643743
10.2307/4331733,author,2895044
10.2307/4331734,content,6269131
10.2307/4331734,author,5206379
10.2307/4331735,content,2921044
10.2307/4331736,author,4469146
10.2307/4331737,content,6252001
10.2307/4331737,author,4835654
10.2307/4331434,content,6252001
10.2307/4331434,author,5327684
10.2307/4331433,content,2921044
10.2307/4331920,content,3017382
10.2307/4331920,author,2988507
10.2307/4331920,content,2921044
10.2307/4331920,author,2988507
10.2307/4331920,content,3175395
10.2307/4331920,author,2988507
10.2307/4331431,content,3017382
10.2307/4331922,author,2644688
10.2307/4331932,content,3017382
10.2307/4331933,content,6269131
10.2307/4331930,content,6252001
10.2307/4331936,content,6269131
10.2307/4331936,content,1814991
10.2307/4331937,content,1269750
10.2307/4331422,content,6252001
10.2307/4331422,author,4929022
10.2307/4331423,content,3175395
10.2307/4331398,content,6252001
10.2307/4331399,content,3017382
10.2307/4331640,content,6252001
10.2307/4331642,content,2750405
10.2307/4331643,content,6269131
10.2307/4331643,content,2921044
10.2307/4331644,content,2921044
10.2307/4331645,content,6269131
10.2307/4331646,content,3175395
10.2307/4331646,content,3017382
10.2307/4331646,content,2921044
10.2307/4331647,content,6269131
10.2307/4331648,content,1643084
10.2307/4331002,content,6269131
10.2307/4330603,content,6252001
10.2307/4330603,author,5139865
10.2307/4330602,content,2623032
10.2307/4330602,author,4254679
10.2307/4330601,author,4407066
10.2307/4330607,author,5206379
10.2307/4330606,content,6252001
10.2307/4330606,author,5139865
10.2307/4330604,content,2921044
10.2307/4330604,author,5327684
10.2307/4330609,content,6252001
10.2307/4330609,author,4914570
10.2307/4330608,content,6269131
10.2307/4330608,author,5122432
10.2307/4330849,content,3017382
10.2307/40801951,content,4560349
10.2307/40801950,content,2077456
10.2307/40801950,author,360603
10.2307/4330843,content,2638360
10.2307/4330843,author,2643743
10.2307/40801952,content,6252001
10.2307/40801955,content,6269131
10.2307/4330847,content,3017382
10.2307/4332025,content,2921044
10.2307/4332024,content,2921044
10.2307/4332024,content,3017382
10.2307/4332026,content,4566966
10.2307/4332026,content,6252001
10.2307/4332021,content,6252001
10.2307/4332021,content,3175395
10.2307/4332023,content,6254926
10.2307/4332029,content,390903
10.2307/4330548,author,5261457
10.2307/4330549,content,2921044
10.2307/4330549,author,4839822
10.2307/4331095,content,6269131
10.2307/4331095,author,5323777
10.2307/4331094,content,2921044
10.2307/4331094,author,2653941
10.2307/4331097,content,6269131
10.2307/4331097,author,8596797
10.2307/4331093,author,4254679
10.2307/4331092,content,2921044
10.2307/4331092,author,4254679
10.2307/4331099,content,6269131
10.2307/4331705,content,2921044
10.2307/4331705,author,2950159
10.2307/4331707,content,6252001
10.2307/4331707,author,5809844
10.2307/4331254,content,390903
10.2307/4331701,content,6252001
10.2307/4331250,content,6269131
10.2307/4331709,content,2510769
10.2307/4331709,author,3117735
10.2307/4331708,content,2921044
10.2307/4331708,author,3175121
10.2307/4331259,content,5332921
10.2307/4331259,author,5341704
10.2307/4331258,author,5317058
10.2307/4331899,content,5332921
10.2307/4331899,author,5368361
10.2307/4331898,content,6269131
10.2307/4331898,author,5317058
10.2307/4331897,content,3017382
10.2307/4331896,content,2921044
10.2307/4331896,author,4407066
10.2307/4331891,content,2661886
10.2307/4331892,content,2921044
10.2307/4331411,content,6269131
10.2307/4331413,content,6252001
10.2307/4331412,content,6252001
10.2307/4331414,content,6252001
10.2307/4331417,author,2988507
10.2307/4331419,content,390903
10.2307/4331419,author,4140963
10.2307/4331418,content,2661886
10.2307/4331418,author,4931972
10.2307/4331674,content,6269131
10.2307/4331677,content,3175395
10.2307/4331670,content,3017382
10.2307/4331673,content,6252001
10.2307/4331672,content,3017382
10.2307/40271518,author,5780993
10.2307/40271519,content,6269131
10.2307/4331079,content,6252001
10.2307/4331079,author,4887398
10.2307/4331078,content,6269131
10.2307/4331078,author,4954380
10.2307/4331075,content,6252001
10.2307/4331073,content,6269131
10.2307/40271515,content,6252001
10.2307/40271515,author,5102922
10.2307/40271516,content,2750405
10.2307/40271516,author,2745912
10.2307/40271517,content,2750405
10.2307/40271517,author,2751773
10.2307/4330676,content,6269131
10.2307/4330676,author,4954380
10.2307/4330677,content,6269131
10.2307/4330677,author,5072006
10.2307/4330613,content,6269131
10.2307/4330613,author,5128581
10.2307/4330614,content,6269131
10.2307/4330614,author,4347778
10.2307/4330615,content,6269131
10.2307/4330615,author,5969782
10.2307/4330616,content,3017382
10.2307/4330616,author,5969423
10.2307/4330617,content,6269131
10.2307/4330617,author,5128581
10.2307/4330618,content,2921044
10.2307/4330618,author,4887398
10.2307/4330670,content,6269131
10.2307/4330670,author,4351977
10.2307/4330671,content,6269131
10.2307/4330671,author,4560349
10.2307/4330856,content,2510769
10.2307/4330856,author,4562144
10.2307/4330857,content,6252001
10.2307/4330857,author,5258393
10.2307/4330855,content,2750405
10.2307/4330855,author,5574991
10.2307/4330852,content,390903
10.2307/4330951,content,2921044
10.2307/4330773,content,6269131
10.2307/4330773,author,6058560
10.2307/4330954,content,1814991
10.2307/29737552,content,2921044
10.2307/29737552,content,6269131
10.2307/29737553,content,6269131
10.2307/29737550,content,3017382
10.2307/29737550,author,5341704
10.2307/29737551,author,2655984
10.2307/29737556,content,6252001
10.2307/29737557,content,5744337
10.2307/29737554,content,6269131
10.2307/29737555,content,6252001
10.2307/4332032,content,2782113
10.2307/4332032,author,4254679
10.2307/4332033,content,2653941
10.2307/4332033,author,4990729
10.2307/4332030,content,3017382
10.2307/4332030,author,4508722
10.2307/4332031,content,2761369
10.2307/4332031,author,4931972
10.2307/4332034,content,6252001
10.2307/4331745,content,6252001
10.2307/4331746,content,6269131
10.2307/4331746,content,2510769
10.2307/4331746,content,2661886
10.2307/41488386,content,6269131
10.2307/41488386,author,5992500
10.2307/41488387,content,390903
10.2307/41488387,author,5419384
10.2307/41488387,content,3169070
10.2307/41488387,author,5419384
10.2307/41488385,author,2172517
10.2307/41488430,content,3017382
10.2307/41488430,author,2990969
10.2307/41488431,content,6251999
10.2307/41488431,author,2618425
10.2307/41488432,author,2643743
10.2307/41488388,content,953987
10.2307/41488388,author,3369157
10.2307/41488388,content,953987
10.2307/41488388,author,2650225
10.2307/41488389,content,953987
10.2307/41488389,author,2640729
10.2307/4330872,content,6269131
10.2307/4330872,content,6269131
10.2307/40801949,content,1861060
10.2307/40801949,author,4347778
10.1007/s10739-012-9345-5,content,6269131
10.1007/s10739-012-9345-5,author,4543762
10.1007/s10739-012-9342-8,content,4887398
10.1007/s10739-012-9342-8,author,4791160
10.1007/s10739-012-9343-7,content,6252001
10.1007/s10739-012-9343-7,author,2636512
10.1007/s10739-012-9343-7,content,6269131
10.1007/s10739-012-9343-7,author,2636512
10.1007/s10739-012-9347-3,content,6252001
10.1007/s10739-012-9347-3,author,4174715
10.1007/s10739-012-9348-2,content,6252001
10.1007/s10739-012-9348-2,author,1880252
10.1007/s10739-013-9372-x,author,2756669
10.2307/4331990,content,2921044
10.2307/4331990,author,5132103
10.2307/4331991,content,6269131
10.2307/4331991,author,2950159
10.2307/4331992,content,6269131
10.2307/4331992,author,5351247
10.2307/4331992,content,6269131
10.2307/4331992,author,2650188
10.2307/4331993,content,6269131
10.2307/4331993,author,281184
10.2307/4331082,content,6269131
10.2307/4331082,author,4747845
10.2307/4331083,content,3017382
10.2307/4331083,content,2921044
10.2307/4331080,content,4887398
10.2307/4331080,author,5525577
10.2307/4331081,content,3017382
10.2307/4331081,author,4464368
10.2307/4331086,content,2510769
10.2307/4331087,content,2510769
10.2307/4331244,author,4747845
10.2307/4331246,content,390903
10.2307/4331246,author,5368361
10.2307/4331247,content,6252001
10.2307/4331716,content,6252001
10.2307/4331242,content,6269131
10.2307/4331242,author,4747845
10.2307/4331715,content,6269131
10.2307/4331719,content,4155751
10.2307/4331719,content,4482348
10.2307/4331888,content,6269131
10.2307/4331888,content,3017382
10.2307/4331882,content,6269131
10.2307/4331883,content,6252001
10.2307/4331880,content,6269131
10.2307/4331881,content,6269131
10.2307/4331886,content,1814991
10.2307/4331887,content,6269131
10.2307/4331885,content,6252001
10.2307/4331885,content,953987
10.2307/4331406,content,6269131
10.2307/4331406,author,2988507
10.2307/4331407,author,4931972
10.2307/4331404,author,2653941
10.2307/4331405,content,6254926
10.2307/4331405,author,2766824
10.2307/4331402,author,2653941
10.2307/4331402,author,2988507
10.2307/4331403,content,5332921
10.2307/4331403,author,5102922
10.2307/25650648,content,6252001
10.2307/25650646,content,6269131
10.2307/25650647,content,6269131
10.2307/25650644,author,6077243
10.2307/25650645,author,5102922
10.2307/25650642,content,6252001
10.2307/25650642,author,4699066
10.2307/25650643,content,6252001
10.2307/25650643,author,2636910
10.2307/25650641,content,6269131
10.2307/4331669,content,2921044
10.2307/4331662,content,6252001
10.2307/4331662,author,4469146
10.2307/4331663,content,6252001
10.2307/4331663,author,2147714
10.2307/4331661,content,6252001
10.2307/4331661,author,5574991
10.2307/4331666,content,3017382
10.2307/4331516,content,1814991
10.2307/4331664,content,2264397
10.2307/4331664,author,2270229
10.2307/4331664,content,2264397
10.2307/4331664,author,2267057
10.2307/4330590,author,4931972
10.2307/4330597,content,3017382
10.2307/4330597,author,1735106
10.2307/4330597,content,2658434
10.2307/4330597,author,1735106
10.2307/4331069,content,6252001
10.2307/4331069,author,5454711
10.2307/4330595,content,3175395
10.2307/4330595,author,5809844
10.2307/4330594,content,2921044
10.2307/4330594,author,4560349
10.2307/4331065,content,3017382
10.2307/4331065,author,4747845
10.2307/4331065,content,3017382
10.2307/4331065,author,3021372
10.2307/4331066,content,6269131
10.2307/4331066,author,4984029
10.2307/4331067,content,6269131
10.2307/4331067,author,4930956
10.2307/4331060,content,3017382
10.2307/4331060,content,2658434
10.2307/4331511,content,6252001
10.2307/4331511,author,4140963
10.2307/4330915,content,6252001
10.2307/4330913,content,3017382
10.2307/4330912,content,1814991
10.2307/4330910,content,6252001
10.2307/4330919,content,6252001
10.2307/4330919,author,4991640
10.2307/4330918,content,6269131
10.2307/4330628,content,2921044
10.2307/4330625,author,2643743
10.2307/4330624,content,2510769
10.2307/4330624,author,4930956
10.2307/4330627,content,3017382
10.2307/4330627,author,4347778
10.2307/4330627,content,2782113
10.2307/4330627,author,4347778
10.2307/4330626,author,5139865
10.2307/4330623,content,2510769
10.2307/4330623,author,4834157
10.2307/4330622,content,3017382
10.2307/4330822,content,2782113
10.2307/4330820,content,6269131
10.2307/4330827,content,2661886
10.2307/4330825,content,3175395
10.2307/29737549,author,6354908
10.2307/29737548,content,6269131
10.2307/29737548,author,8469294
10.2307/29737548,content,6252001
10.2307/29737548,author,8469294
10.2307/29737547,content,2921044
10.2307/29737547,author,2661552
10.2307/29737547,content,6269131
10.2307/29737547,author,2661552
10.2307/29737546,content,953987
10.2307/29737546,author,964137
10.2307/29737541,content,6252001
10.2307/4330962,content,3017382
10.2307/41488429,content,6252001
10.2307/41488428,content,6252001
10.2307/41488428,author,293788
10.2307/41488391,content,2077456
10.2307/41488391,author,2147714
10.2307/41488390,content,6252001
10.2307/41488390,author,2950159
10.2307/41488420,content,3175395
10.2307/41488426,content,2618425
10.2307/41488397,content,6252001
10.2307/4330960,content,6269131
10.2307/4330960,author,8469294
10.2307/4330720,content,6252001
10.2307/4331712,content,6252001
10.2307/4331245,content,6252001
10.2307/4331245,author,4887398
10.2307/4331710,content,6252001
10.2307/4331710,author,5037649
10.2307/4331711,content,2921044
10.2307/4331270,content,2921044
10.2307/4331273,content,6269131
10.2307/4331272,content,6269131
10.2307/4331714,content,3658931
10.2307/4331279,content,6252001
10.2307/4331279,author,5381396
10.2307/4331278,content,6252001
10.2307/4331278,author,4747845
10.2307/4331243,content,2921044
10.2307/4331243,author,5351247
10.2307/4331877,content,6252001
10.2307/4331877,author,2950159
10.2307/4331876,content,953987
10.2307/4331875,content,2921044
10.2307/4331875,author,4509177
10.2307/4331874,content,6269131
10.2307/4331874,author,2641170
10.2307/4331871,content,6269131
10.2307/4331870,content,3469034
10.2307/4331878,content,6269131
10.2307/4331189,content,6269131
10.2307/4331189,author,2161608
10.2307/4331188,content,6269131
10.2307/4331183,content,2921044
10.2307/4331180,content,2921044
10.2307/4331187,content,6269131
10.2307/4331479,content,3017382
10.2307/4331479,author,2988507
10.2307/4331479,content,3017382
10.2307/4331479,author,4747845
10.2307/4331478,content,6269131
10.2307/4331478,author,5128581
10.2307/4331473,content,6269131
10.2307/4331472,content,3017382
10.2307/4331471,content,4155751
10.2307/4331470,content,5332921
10.2307/4331477,content,2761369
10.2307/4331477,author,4347778
10.2307/4331476,author,4347778
10.2307/4331983,content,2510769
10.2307/4331983,content,6252001
10.2307/4331982,content,6269131
10.2307/4331982,content,6252001
10.2307/4331981,content,6252001
10.2307/4331986,content,6252001
10.2307/4331985,content,1861060
10.2307/4331984,content,6252001
10.2307/4331989,content,6269131
10.2307/4331989,author,4991640
10.2307/4331697,content,6252001
10.2307/4331696,content,6269131
10.2307/4331695,content,6269131
10.2307/4331690,content,6252001
10.2307/4331698,content,2017370
10.2307/4331507,author,5097751
10.2307/4331058,content,6269131
10.2307/4330582,content,6269131
10.2307/4330582,author,5139865
10.2307/4330583,content,3017382
10.2307/4330583,author,4914570
10.2307/4331502,content,6252001
10.2307/4330586,content,6269131
10.2307/4330586,author,2637487
10.2307/4331051,content,6252001
10.2307/4331051,author,5327684
10.2307/4331050,author,5327684
10.2307/40271534,content,6269131
10.2307/40271535,content,6269131
10.2307/40271535,author,3413829
10.2307/40271532,content,6252001
10.2307/40271532,author,5720727
10.2307/40271533,content,3017382
10.2307/40271533,author,6167865
10.2307/40271533,content,6269131
10.2307/40271533,author,6167865
10.2307/4331509,content,6269131
10.2307/4331509,author,5317058
10.2307/4331508,content,6269131
10.2307/4331508,author,2655603
10.2307/4330905,content,6269131
10.2307/4330905,author,4180386
10.2307/4330906,content,6269131
10.2307/4330906,author,2950159
10.2307/4330907,content,6252001
10.2307/4330907,author,5101717
10.2307/4330900,content,3175395
10.2307/4330901,content,6269131
10.2307/4330908,content,6269131
10.2307/4330908,author,3143244
10.2307/4330909,author,4931972
10.2307/4330638,content,6252001
10.2307/4330639,content,390903
10.2307/4330639,author,4407066
10.2307/4330632,content,2638360
10.2307/4330632,author,5261457
10.2307/4330633,content,2658434
10.2307/4330633,author,4931972
10.2307/4330636,author,4843786
10.2307/4330634,content,6269131
10.2307/4330634,author,4560349
10.2307/4330635,content,6269131
10.2307/4330635,author,5967629
10.2307/4330831,content,6269131
10.2307/4330832,content,6269131
10.2307/4330832,author,4931972
10.2307/4330833,author,2653941
10.2307/4330834,content,6269131
10.2307/4330834,author,4931972
10.2307/4330835,content,3017382
10.2307/4330835,author,4560349
10.2307/4330836,content,6269131
10.2307/4330838,content,6269131
10.1007/s10739-012-9338-4,content,2658434
10.1007/s10739-012-9338-4,author,4887398
10.1007/s10739-012-9341-9,content,2921044
10.1007/s10739-012-9341-9,author,3530139
10.1007/s10739-012-9341-9,content,6269131
10.1007/s10739-012-9341-9,author,3530139
10.1007/s10739-012-9339-3,content,6252001
10.1007/s10739-012-9339-3,author,5327684
10.2307/42628791,author,2950159
10.1007/s10739-013-9361-0,content,6252001
10.2307/29737444,content,6252001
10.2307/29737444,author,5102922
10.2307/29737445,content,6252001
10.2307/29737446,content,6269131
10.2307/29737446,author,2653941
10.2307/29737447,content,3017382
10.2307/29737447,author,2968705
10.2307/29737443,content,6252001
10.2307/29737443,author,5102922
10.2307/29737443,content,6252001
10.2307/29737443,author,3117735
10.2307/29737443,content,6269131
10.2307/29737443,author,5102922
10.2307/29737443,content,6269131
10.2307/29737443,author,3117735
10.2307/29737443,content,3017382
10.2307/29737443,author,5102922
10.2307/29737443,content,3017382
10.2307/29737443,author,3117735
10.2307/29737443,content,2658434
10.2307/29737443,author,5102922
10.2307/29737443,content,2658434
10.2307/29737443,author,3117735
10.2307/29737448,content,2658434
10.2307/29737448,author,3117735
10.2307/29737449,content,6252001
10.2307/41488418,content,6252001
10.2307/41488419,content,6269131
10.2307/41488416,content,1861060
10.2307/41488416,author,5123459
10.2307/41488417,content,6252001
10.2307/41488414,author,5946768
10.2307/41488415,content,6252001
10.2307/41488415,author,5102922
10.2307/41488412,content,6269131
10.2307/41488412,author,5261457
10.2307/41488412,content,6269131
10.2307/41488412,author,4887398
10.2307/41488413,content,2750405
10.2307/41488413,author,2751773
10.2307/4331767,content,6269131
10.2307/4331817,content,2077456
10.2307/4331763,content,6252001
10.2307/4331810,content,6252001
10.2307/4331760,content,6252001
10.2307/4331760,author,5574991
10.1007/s10739-012-9326-8,author,4265737
10.1007/s10739-012-9319-7,content,3017392
10.1007/s10739-012-9319-7,author,5720727
10.1007/s10739-012-9319-7,content,6269131
10.1007/s10739-012-9319-7,author,5720727
10.1007/s10739-012-9349-1,content,3017382
10.1007/s10739-012-9349-1,author,2797656
10.1007/s10739-012-9349-1,content,6269131
10.1007/s10739-012-9349-1,author,2797656
10.1007/s10739-012-9335-7,content,3017382
10.1007/s10739-012-9335-7,author,2950159
10.1007/s10739-013-9356-x,content,6252001
10.1007/s10739-013-9357-9,content,6252001
10.1007/s10739-013-9357-9,content,1861060
10.1007/s10739-013-9358-8,content,6252001
10.2307/4331268,author,4747845
10.2307/4331266,content,2623032
10.2307/4331266,author,4839366
10.2307/4331267,content,6252001
10.2307/4331267,author,4560349
10.2307/4331264,author,4747845
10.2307/4331265,content,6252001
10.2307/4331265,author,4560349
10.2307/4331262,author,4747845
10.2307/4331263,content,6252001
10.2307/4331263,author,4839366
10.2307/4331260,content,6252001
10.2307/4331864,content,3175395
10.2307/4331866,content,6252001
10.2307/4331867,content,3017382
10.2307/4331861,content,6252001
10.2307/4331862,content,3562981
10.2307/4331862,content,4566966
10.2307/4331863,content,6252001
10.2307/40802750,content,6254928
10.2307/40802751,content,6252001
10.2307/4331868,content,6252001
10.2307/4331869,content,3865483
10.2307/4331198,content,2921044
10.2307/4331190,author,281184
10.2307/4331191,content,3077311
10.2307/4331191,author,3169070
10.2307/4331192,content,6252001
10.2307/4331192,author,5398563
10.2307/4331193,content,6252001
10.2307/4331193,content,6269131
10.2307/4331195,content,2510769
10.2307/4331196,content,3017382
10.2307/4331197,content,6252001
10.2307/4331197,content,1861060
10.2307/4331469,content,6252001
10.2307/4331460,content,6252001
10.2307/4331463,content,6252001
10.2307/4331463,author,5809844
10.2307/4331464,content,6252001
10.2307/4331464,author,4846834
10.2307/4331465,content,6252001
10.2307/4331465,author,5741646
10.2307/4331466,author,5341704
10.2307/4331467,content,6269131
10.2307/4331467,author,2820860
10.2307/40271521,content,5128638
10.2307/40271523,content,6252001
10.2307/40271522,content,6252001
10.2307/40271526,content,2510769
10.2307/25650624,content,6252001
10.2307/25650624,author,2643743
10.2307/25650625,content,6269131
10.2307/25650625,author,2267057
10.2307/25650626,content,6269131
10.2307/25650626,author,3530597
10.2307/25650627,content,2750405
10.2307/25650627,author,4407066
10.2307/25650627,content,2750405
10.2307/25650627,author,3177090
10.2307/4331995,content,6269131
10.2307/4331995,content,3017382
10.2307/4331995,content,2264397
10.2307/4331995,content,2510769
10.2307/4331995,content,2750405
10.2307/4331996,content,6269131
10.2307/4331997,content,6269131
10.2307/4331998,content,6252001
10.2307/4331999,content,3017382
10.2307/25650628,content,6252001
10.2307/25650628,author,4347778
10.2307/25650629,content,6252001
10.2307/4331684,content,6269131
10.2307/4331684,author,8516282
10.2307/4331685,content,6269131
10.2307/4331685,author,2525068
10.2307/4331686,content,2921044
10.2307/4331686,author,4254679
10.2307/4331687,content,6252001
10.2307/4331682,author,5317058
10.2307/4331683,content,6269131
10.2307/4331683,author,2650188
10.2307/4331688,content,6269131
10.2307/4331688,author,8469294
10.2307/4331689,content,6269131
10.2307/4331689,author,2950159
10.2307/4331515,content,6252001
10.2307/4331044,content,390903
10.2307/4331044,content,6252001
10.2307/4331044,content,2921044
10.2307/4331045,content,6269131
10.2307/4331042,content,2510769
10.2307/4331042,author,2509954
10.2307/4331040,content,2921044
10.2307/4331040,author,4929022
10.2307/4331041,content,3017382
10.2307/4331041,author,2657896
10.2307/4331518,content,6252001
10.2307/4331519,content,5101760
10.2307/4331049,content,6252001
10.2307/4331049,author,4543762
10.2307/4330931,content,6252001
10.2307/4330931,author,5809844
10.2307/4330933,content,3175395
10.2307/4330933,author,4560349
10.2307/4330932,content,2921044
10.2307/4330932,author,4347778
10.2307/4330935,content,6269131
10.2307/4330934,author,5525577
10.2307/4330939,content,2638360
10.2307/4330489,content,6269131
10.2307/4330489,author,4407066
10.2307/4330488,content,2921044
10.2307/4330488,author,4254679
10.2307/4330485,content,2017370
10.2307/4330485,author,4931972
10.2307/4330484,content,2750405
10.2307/4330484,author,5206379
10.2307/4330487,content,6269131
10.2307/4330487,author,4931972
10.2307/4330486,content,2077456
10.2307/4330486,author,4931972
10.2307/4330808,content,6269131
10.2307/4330805,content,6252001
10.2307/4330805,author,5128581
10.2307/4330804,content,3017382
10.2307/4330804,author,5720727
10.2307/4330807,content,3017382
10.2307/4330806,content,2017370
10.2307/4330801,content,6269131
10.2307/4330801,author,2655603
10.2307/4330800,content,3658931
10.2307/4330800,author,2655603
10.2307/4330803,content,3017382
10.2307/4330803,author,4984247
10.2307/4330802,content,390903
10.2307/4330802,author,5263045
10.2307/4331068,content,6252001
10.2307/4331068,author,6167865
10.2307/4330596,content,2638360
10.2307/4330596,author,5122432
10.2307/4330599,content,2017370
10.2307/4330599,author,5180225
10.2307/4330598,author,5206379
10.2307/29737456,content,6252001
10.2307/29737455,content,6252001
10.2307/29737454,content,5843591
10.2307/29737453,content,4155751
10.2307/29737452,content,5368361
10.2307/29737451,content,6252001
10.2307/29737450,content,6269131
10.2307/41488401,content,6269131
10.2307/41488401,author,2176632
10.2307/41488400,content,2921044
10.2307/41488400,author,2792482
10.2307/41488403,content,2921044
10.2307/41488403,author,2751773
10.1007/s10739-012-9344-6,content,2921044
10.1007/s10739-012-9344-6,author,5327684
10.1007/s10739-012-9344-6,content,2921044
10.1007/s10739-012-9344-6,author,5102922
10.2307/41488405,content,6269131
10.2307/41488404,content,798544
10.2307/41488404,author,3094802
10.2307/41488407,content,6252001
10.2307/41488406,content,6252001
10.2307/41488409,content,6269131
10.1007/s10739-012-9337-5,content,390903
10.1007/s10739-012-9337-5,author,5720727
10.1007/s10739-012-9337-5,content,390903
10.1007/s10739-012-9337-5,author,4254679
10.1007/s10739-012-9337-5,content,3169070
10.1007/s10739-012-9337-5,author,5720727
10.1007/s10739-012-9337-5,content,3169070
10.1007/s10739-012-9337-5,author,4254679
10.2307/4331218,content,6269131
10.2307/4331218,author,5122432
10.2307/4331210,content,3017382
10.2307/4331217,content,6269131
10.2307/4331217,author,2650225
10.2307/4331215,content,1861060
10.2307/4331215,author,4560349
10.2307/41653576,content,6252001
10.2307/4331851,content,6269131
10.2307/4331851,author,4887398
10.2307/4331850,content,2921044
10.2307/4331850,author,4174715
10.2307/4331853,content,6269131
10.2307/4331853,author,5206379
10.2307/4331852,content,3017382
10.2307/4331852,author,3530597
10.2307/40802749,content,6252001
10.2307/40802748,content,6252001
10.2307/40802748,content,6269131
10.2307/4331856,content,6252001
10.2307/40802745,content,6269131
10.2307/40802744,content,6269131
10.2307/40802744,author,4487042
10.2307/40802747,content,4361885
10.2307/40802746,content,6269131
10.2307/40802741,content,1861060
10.2307/40802741,author,5122432
10.2307/40802741,content,6252001
10.2307/40802741,author,5122432
10.2307/40802741,content,1605651
10.2307/40802741,author,5122432
10.2307/40802740,author,5317058
10.2307/40802743,content,6269131
10.2307/40802743,author,5327684
10.2307/40802742,content,6252001
10.2307/40802742,author,3117735
10.2307/4331327,author,4347778
10.2307/4331326,author,2988507
10.2307/4331325,content,6252001
10.2307/4331324,content,6252001
10.2307/4331324,author,6077243
10.2307/4331324,content,3175395
10.2307/4331324,author,6077243
10.2307/4331451,content,3469034
10.2307/4331451,author,2988507
10.2307/4331450,content,6252001
10.2307/4331453,content,6252001
10.2307/4331453,author,4931972
10.2307/4331453,content,2017370
10.2307/4331453,author,4931972
10.2307/4331452,author,4930956
10.2307/4331458,content,6269131
10.2307/4331329,content,2623032
10.2307/4331328,author,6077243
10.2307/4330961,content,6252001
10.2307/4330743,content,6269131
10.2307/4330743,author,5072006
10.2307/40271554,content,5391959
10.2307/40271555,content,6252001
10.2307/40271550,content,6252001
10.2307/40271550,author,4180386
10.2307/40271551,content,2921044
10.2307/40271551,author,2751773
10.2307/40271552,content,6269131
10.2307/40271552,content,2017370
10.2307/40271553,content,3170647
10.2307/40271553,content,2988507
10.2307/40271553,content,2643743
10.2307/40271558,content,6269131
10.2307/40271558,author,2644688
10.2307/40271559,content,6252001
10.2307/40271559,author,5812944
10.2307/25650636,content,6252001
10.2307/25650635,content,6252001
10.2307/25650634,content,6252001
10.2307/25650633,content,6252001
10.2307/25650630,content,6252001
10.2307/4331520,content,2921044
10.2307/4331523,content,2921044
10.2307/4331523,author,4407066
10.2307/4331523,content,6252001
10.2307/4331523,author,4407066
10.2307/4331525,content,6269131
10.2307/4331525,author,2653117
10.2307/4331524,content,6252001
10.2307/4331524,author,5392952
10.2307/4331527,author,4780837
10.2307/4331529,author,4156404
10.2307/4331528,content,6269131
10.2307/4331528,author,5128581
10.2307/4331039,content,6252001
10.2307/4331039,author,4350635
10.2307/4331038,content,6269131
10.2307/4331038,author,4558942
10.2307/4330496,content,2782113
10.2307/4330496,author,3078610
10.2307/4330497,author,5206379
10.2307/4330494,content,6252001
10.2307/4330495,content,2750405
10.2307/4330495,author,4560349
10.2307/4330493,content,2921044
10.2307/4330493,author,4931972
10.2307/4330490,content,3017382
10.2307/4330490,author,2988507
10.2307/4330491,content,3017382
10.2307/4331147,content,6269131
10.2307/4331147,author,4887398
10.2307/4331146,content,6252001
10.2307/4331146,author,5393052
10.2307/4331145,content,6252001
10.2307/4331145,author,6167865
10.2307/4331144,content,6269131
10.2307/4331144,author,2650225
10.2307/4331143,content,6269131
10.2307/4331143,author,2191562
10.2307/4331142,author,5327684
10.2307/4331141,content,6269131
10.2307/4331141,author,5102922
10.2307/4331141,content,3017382
10.2307/4331141,author,5102922
10.2307/4330499,content,5102922
10.2307/4330499,author,4407066
10.2307/4330499,content,5102922
10.2307/4330499,author,4931972
10.2307/4330818,content,6269131
10.2307/4330818,author,2655603
10.2307/4330819,content,235616
10.2307/4330819,author,5216774
10.2307/4330810,content,6252001
10.2307/4330811,content,3017382
10.2307/4330816,content,6269131
10.2307/4330816,author,4887398
10.2307/4330817,content,6269131
10.2307/4330817,author,4931972
10.2307/4330815,content,6269131
10.2307/4330815,author,4520760
10.2307/4330926,content,6251999
10.2307/4330924,content,6269131
10.2307/4330922,content,6252001
10.2307/4330922,author,5258393
10.2307/4330922,content,6251999
10.2307/4330922,author,5258393
10.2307/4330923,author,8469294
10.2307/4330920,content,6269131
10.2307/4330920,author,5969782
10.2307/4330921,content,2661886
10.2307/4330921,author,2153770
10.2307/4330921,content,2921044
10.2307/4330921,author,2153770
10.2307/4331397,content,6252001
10.2307/4330588,content,1275004
10.2307/4330588,author,4834157
10.2307/29737468,content,6252001
10.2307/29737468,author,4174715
10.2307/29737469,content,6252001
10.2307/29737463,author,5363943
10.2307/4331496,content,6252001
10.2307/4331496,author,4351977
10.2307/4331496,content,6252001
10.2307/4331496,author,4142643
10.2307/4331496,content,2638360
10.2307/4331496,author,4351977
10.2307/4331496,content,2638360
10.2307/4331496,author,4142643
10.2307/29737466,content,2017370
10.2307/29737466,author,4839366
10.2307/29737467,content,6252001
10.2307/29737467,author,4574989
10.2307/29737467,content,6269131
10.2307/29737467,author,4574989
10.2307/29737464,content,6269131
10.2307/29737464,author,6167865
10.2307/29737465,content,6269131
10.2307/29737465,author,2649808
10.2307/4330589,content,2017370
10.2307/4330739,content,3017382
10.2307/4331392,content,6252001
10.2307/4331392,author,4931972
10.2307/4331393,content,6252001
10.1007/s10739-012-9346-4,content,6252001
10.1007/s10739-012-9346-4,author,3170647
10.2307/4330675,content,6269131
10.2307/4330675,author,4351977
10.2307/29737480,content,390903
10.2307/29737480,author,4744709
10.2307/29737481,content,6269131
10.2307/29737481,author,4954801
10.2307/29737482,content,2921044
10.2307/29737482,author,4254679
10.2307/29737483,content,6269131
10.2307/29737483,author,4142643
10.2307/29737484,content,6252001
10.2307/29737484,author,4543762
10.2307/29737485,content,6252001
10.2307/29737485,content,6269131
10.2307/29737486,content,2661886
10.2307/29737487,content,6252001
10.2307/29737487,content,6269131
10.2307/29737488,content,1861060
10.2307/29737489,content,6252001
10.2307/4331547,content,6252001
10.2307/4331547,content,2759794
10.2307/4331547,content,2782113
10.2307/4331546,content,6252001
10.2307/4331546,author,5037649
10.2307/4331208,content,6252001
10.2307/4331013,content,6252001
10.2307/4331013,content,2921044
10.2307/4331201,content,6269131
10.2307/4331201,author,4156404
10.2307/4331201,content,6269131
10.2307/4331201,author,5398563
10.2307/4331201,content,6252001
10.2307/4331201,author,4156404
10.2307/4331201,content,6252001
10.2307/4331201,author,5398563
10.2307/4331201,content,2921044
10.2307/4331201,author,4156404
10.2307/4331201,content,2921044
10.2307/4331201,author,5398563
10.2307/4331202,content,4887398
10.2307/4331202,author,4747845
10.2307/4331202,content,2745912
10.2307/4331202,author,4747845
10.2307/4331203,author,5177568
10.2307/4331204,content,6269131
10.2307/4331204,author,3448439
10.2307/4331205,content,6252001
10.2307/4331206,content,6252001
10.2307/4331207,content,6252001
10.2307/4331396,content,6252001
10.2307/4331394,content,6252001
10.2307/4331395,content,6269131
10.2307/4331421,content,6252001
10.2307/4331421,author,4143861
10.1007/s10739-012-9334-8,content,2921044
10.1007/s10739-012-9334-8,author,3068160
10.2307/4331390,content,2017370
10.2307/4331390,author,498817
10.1007/s10739-012-9325-9,author,4407066
10.2307/4331391,content,5224323
10.2307/4331391,author,517773
10.2307/4331391,content,5224323
10.2307/4331391,author,5101717
10.2307/42628761,content,6252001
10.2307/42628761,author,4407066
10.2307/4331785,content,6252001
10.2307/41488402,content,6269131
10.2307/41488402,author,1277333
10.2307/4331784,content,6252001
10.2307/4331334,content,6252001
10.2307/4331334,author,6101645
10.2307/4331335,author,2766824
10.2307/4331336,content,6269131
10.2307/4331336,author,4644585
10.2307/4331337,content,6269131
10.2307/4331337,author,4254679
10.2307/4331447,content,2802361
10.2307/4331447,content,2921044
10.2307/4331781,author,281184
10.2307/4331448,content,3469034
10.2307/4331448,author,3037854
10.2307/4331449,content,3017382
10.2307/4331449,author,6077243
10.2307/4331338,content,6252001
10.2307/4331338,author,4945609
10.2307/4331338,content,6269131
10.2307/4331338,author,4945609
10.2307/4331339,content,6252001
10.2307/4331780,content,6269131
10.2307/4331780,author,2643743
10.2307/4331782,content,2921044
10.2307/4331782,author,2759794
10.2307/40271547,content,6252001
10.2307/40271547,author,5317058
10.2307/40271546,content,6252001
10.2307/40271546,author,5317058
10.2307/40271546,content,2921044
10.2307/40271546,author,5317058
10.2307/40271545,content,6252001
10.2307/40271545,author,5317058
10.2307/40271542,content,3017382
10.2307/40271542,content,6252001
10.2307/40271542,content,6269131
10.2307/40271541,content,6269131
10.2307/40271549,content,6252001
10.2307/40271549,author,4347778
10.2307/40271548,content,6252001
10.2307/40271548,author,4747845
10.2307/4330795,content,2017370
10.2307/4330794,content,2921044
10.2307/4330796,content,298795
10.2307/4330790,content,6252001
10.2307/4330790,author,4407066
10.2307/4330793,content,3017382
10.2307/4330799,content,6269131
10.2307/4330557,content,2921044
10.2307/4330556,content,6269131
10.2307/4330556,author,4140963
10.2307/4330555,content,2017370
10.2307/4330554,content,6269131
10.2307/4330554,author,2650225
10.2307/4330553,content,6252001
10.2307/4330553,author,5139865
10.2307/4330552,author,2644688
10.2307/4330551,content,6252001
10.2307/4330550,content,6252001
10.2307/4330550,author,5261457
10.2307/4331536,content,6252001
10.2307/4331536,content,6269131
10.2307/4331537,content,6269131
10.2307/4331535,content,2921044
10.2307/4331530,content,6252001
10.2307/4331531,content,6252001
10.2307/4331531,content,6269131
10.2307/4331531,content,3175395
10.2307/4331020,content,6252001
10.2307/4331020,author,5037649
10.2307/4331020,content,2017370
10.2307/4331020,author,5037649
10.2307/4331021,content,6252001
10.2307/4331021,author,4930956
10.2307/4331022,author,4931972
10.2307/4331023,content,6252001
10.2307/4331023,author,5261457
10.2307/4331023,content,2017370
10.2307/4331023,author,5261457
10.2307/4331024,author,5490263
10.2307/4331025,content,6254925
10.2307/4331025,author,4305210
10.2307/4331026,content,6252001
10.2307/4331028,content,3175395
10.2307/4331029,content,453733
10.2307/4331843,content,2921044
10.2307/4331840,content,6252001
10.2307/4331830,content,1814991
10.2307/4331830,author,1816670
10.2307/4331158,author,5398563
10.2307/4331159,content,6252001
10.2307/4331159,author,5381396
10.2307/4331156,content,2650225
10.2307/4331156,author,2643743
10.2307/4331157,author,2759794
10.2307/4331150,content,6269131
10.2307/4331150,content,2921044
10.2307/4331150,content,6252001
10.2307/4331151,content,2661886
10.2307/4330959,content,2921044
10.2307/4330959,author,2820860
10.2307/4330958,content,390903
10.2307/4330958,author,4140963
10.2307/4330779,content,6252001
10.2307/4330779,author,4407066
10.2307/4330778,content,6252001
10.2307/4330778,author,5490263
10.2307/4330953,content,3175395
10.2307/4330776,content,6252001
10.2307/4330776,author,5183234
10.2307/4330775,content,6252001
10.2307/4330774,content,2921044
10.2307/4330774,author,4487042
10.2307/4330774,content,390903
10.2307/4330774,author,4487042
10.2307/4330774,content,3169070
10.2307/4330774,author,4487042
10.2307/4330957,content,6269131
10.2307/4330957,author,4747845
10.2307/4330770,content,390903
10.2307/4331978,content,6252001
10.2307/4331389,content,2750405
10.2307/4331389,author,2745912
10.2307/29737474,content,6251999
10.2307/29737477,content,2921044
10.2307/29737476,content,6252001
10.2307/29737471,content,390903
10.2307/29737471,content,3169070
10.2307/29737470,content,2921044
10.2307/4331052,author,5037649
10.2307/4331388,content,6252001
10.2307/4331388,author,293397
10.2307/4331056,content,6269131
10.2307/4331056,author,2653941
10.2307/41488460,content,2921044
10.2307/29737497,content,2921044
10.2307/29737497,author,2759794
10.2307/29737497,content,2750405
10.2307/29737497,author,2759794
10.2307/29737497,content,3144096
10.2307/29737497,author,2759794
10.2307/29737496,content,6252001
10.2307/29737496,author,4990729
10.2307/29737499,content,6252001
10.2307/29737499,author,5087168
10.2307/29737498,content,6252001
10.2307/29737498,author,4543762
10.2307/4331235,content,2017370
10.2307/4331235,author,524901
10.2307/4331234,content,6252001
10.2307/4331234,author,4887398
10.2307/4331236,content,3017382
10.2307/4331236,content,2921044
10.2307/4331236,content,6269131
10.2307/4331231,content,2017370
10.2307/4331231,author,524901
10.2307/4331230,content,6269131
10.2307/4331230,author,5318313
10.2307/4331230,content,2921044
10.2307/4331230,author,5318313
10.2307/4331230,content,6252001
10.2307/4331230,author,5318313
10.2307/4331230,content,2017370
10.2307/4331230,author,5318313
10.2307/4331233,content,6252001
10.2307/4331233,author,4931972
10.2307/4331232,content,2017370
10.2307/4331232,author,524901
10.2307/4331855,content,6252001
10.2307/4331855,author,5197079
10.2307/4331854,content,1814991
10.2307/4331854,author,1668341
10.2307/4331301,content,6252001
10.2307/4331300,content,6269131
10.2307/4331309,author,2655984
10.2307/4331947,content,6269131
10.2307/4331947,author,2657896
10.2307/4331946,content,3175395
10.2307/4331946,author,4887398
10.2307/4331945,content,3996063
10.2307/4331945,author,3530597
10.2307/4331945,content,3996063
10.2307/4331945,author,3117735
10.2307/4331945,content,3996063
10.2307/4331945,author,5359777
10.2307/4331944,content,3078610
10.2307/4331944,author,2643123
10.2307/4331944,content,3078610
10.2307/4331944,author,3078610
10.2307/4331943,content,6252001
10.2307/4331943,author,5165445
10.2307/4331942,content,1269750
10.2307/4331493,content,6254926
10.2307/4331493,author,5110269
10.2307/4331492,content,3017382
10.2307/4331492,author,2988507
10.2307/4331495,content,4361885
10.2307/4331495,author,4347778
10.2307/4331494,content,3175395
10.2307/4331949,content,6252001
10.2307/4331948,content,2921044
10.2307/4330780,author,4254679
10.2307/4330786,content,2921044
10.2307/4330786,author,4929022
10.2307/4330787,content,6269131
10.2307/4330787,author,4845419
10.2307/4330784,content,6269131
10.2307/4330784,author,4887398
10.2307/4330785,content,6269131
10.2307/4330785,author,6077243
10.2307/4330788,author,281184
10.2307/4330789,author,5192726
10.2307/4330544,content,2921044
10.2307/4330544,author,4671654
10.2307/4330545,content,6269131
10.2307/4331548,content,3017382
10.2307/4331548,author,4487042
10.2307/4331548,content,6252001
10.2307/4331548,author,4487042
10.2307/4330540,author,4931972
10.2307/4330541,author,2153770
10.2307/4330542,content,6269131
10.2307/4330542,author,5102922
10.2307/4330543,content,3017382
10.2307/4331015,content,6269131
10.2307/4331540,content,6252001
10.2307/4331011,author,2988507
10.2307/4331010,content,2921044
10.2307/4331010,author,2949186
10.2307/4331545,content,6252001
10.2307/4331545,author,5037649
10.2307/4331544,content,6252001
10.2307/4331544,author,4156404
10.2307/4331789,content,6269131
10.2307/4331788,content,1861060
10.2307/4331788,content,4566966
10.2307/4331833,content,3169070
10.2307/4331833,content,6252001
10.2307/4331832,content,6252001
10.2307/4331832,author,4931972
10.2307/4331831,content,6269131
10.2307/4331831,author,5102922
10.2307/4331831,content,3017382
10.2307/4331831,author,5102922
10.2307/4331786,content,2921044
10.2307/4331837,content,6252001
10.2307/4331836,content,2643743
10.2307/4331834,content,6269131
10.2307/4331161,author,2113015
10.2307/4331160,content,6269131
10.2307/4331160,author,4887398
10.2307/4331163,content,6251999
10.2307/4331162,content,6269131
10.2307/4331162,author,4347778
10.2307/4331164,content,2921044
10.2307/4331164,content,3469034
10.2307/4331164,content,3017382
10.2307/4331164,content,2017370
10.2307/4331167,content,6269131
10.2307/4331166,content,6252001
10.2307/4331455,content,6252001
10.2307/4331455,content,6251999
10.2307/4331457,content,6252001
10.2307/4331457,content,6251999
10.2307/4331456,content,3017382
10.2307/4330945,author,4931972
10.2307/4330948,content,6269131
10.2307/4330768,content,390903
10.2307/4330768,author,5206379
10.2307/4330769,content,2921044
10.2307/4330765,content,6269131
10.2307/4330765,author,5072006
10.2307/4330766,content,6269131
10.2307/4330766,author,4954380
10.2307/4330767,content,3017382
10.2307/4330767,author,4140963
10.2307/4330944,content,2921044
10.2307/4331619,content,6252001
10.2307/4330946,content,6269131
10.2307/4330946,author,5128581
10.2307/4330947,content,6269131
10.2307/4330947,author,5317058
10.2307/4330947,content,3017382
10.2307/4330947,author,5317058
10.2307/4330947,content,2802361
10.2307/4330947,author,5317058
10.2307/4330947,content,3175395
10.2307/4330947,author,5317058
