DOI,Author
10.1007/s10739-014-9393-0,273
10.2307/41488391,405
10.2307/41488392,319
10.2307/41488395,104
10.2307/41488426,78
10.2307/41488397,43
10.2307/41488396,668
10.1007/s10739-015-9406-7,223
10.1007/s10739-012-9346-4,580
10.2307/4330841,77
10.2307/40801950,360
10.2307/4330843,430
10.2307/4330842,467
10.2307/40801955,200
10.2307/4330844,186
10.2307/4330847,588
10.1007/s10739-015-9401-z,537
10.2307/4331619,72
10.2307/4331701,319
10.2307/41488458,668
10.2307/41488459,221
10.2307/41488452,635
10.2307/41488453,256
10.2307/41488451,115
10.2307/41488456,124
10.2307/41488457,423
10.2307/41488454,436
10.2307/41488455,733
10.1007/s10739-015-9402-y,47
10.2307/4331423,86
10.2307/4331222,84
10.2307/4331223,411
10.2307/4331220,125
10.2307/4331221,234
10.2307/4331227,134
10.2307/4331228,412
10.2307/4331229,449
10.2307/4331530,228
10.2307/4331318,796
10.2307/4331319,58
10.2307/4331316,483
10.2307/4331317,3
10.2307/4331314,94
10.2307/4331315,124
10.2307/4331312,544
10.2307/4331313,313
10.2307/4331310,592
10.2307/4331311,184
10.2307/4331954,98
10.2307/4331955,234
10.2307/4331484,326
10.2307/4331485,807
10.2307/40271569,267
10.2307/4331483,788
10.2307/4331952,567
10.2307/4331953,686
10.2307/40271565,153
10.2307/40271564,124
10.2307/40271567,594
10.2307/40271566,582
10.2307/4331958,90
10.2307/40271560,189
10.2307/40271562,478
10.2307/4331558,16
10.2307/4331559,328
10.2307/4330573,456
10.2307/4330572,703
10.2307/4330574,768
10.2307/4330577,98
10.2307/4330576,727
10.2307/4330579,674
10.2307/4330578,663
10.2307/4331000,168
10.2307/4331001,743
10.2307/4331554,539
10.2307/4331004,151
10.2307/4331557,90
10.2307/4331828,3
10.2307/4331829,425
10.2307/4331798,387
10.2307/4331792,501
10.2307/4331821,437
10.2307/4331790,419
10.2307/4331826,217
10.2307/4331795,555
10.2307/4331527,125
10.2307/4331526,156
10.2307/4330688,324
10.2307/4330683,255
10.2307/4330682,255
10.2307/4330681,255
10.2307/4330680,255
10.2307/4330687,324
10.2307/4330686,324
10.2307/4330685,324
10.2307/4330684,255
10.2307/4331176,9
10.2307/4331177,234
10.2307/4331174,781
10.2307/4331175,690
10.2307/4331172,271
10.2307/4331173,1
10.2307/4331173,337
10.2307/4331170,326
10.2307/4331171,95
10.2307/4331178,796
10.2307/4331179,9
10.2307/4330759,212
10.2307/4330974,421
10.2307/4330977,495
10.2307/4330976,551
10.2307/4330971,751
10.2307/4330971,278
10.2307/4330971,551
10.2307/4330970,751
10.2307/4330970,278
10.2307/4330970,551
10.2307/4330973,125
10.2307/4330972,489
10.2307/4330751,503
10.2307/4330750,407
10.2307/4330753,727
10.2307/4330752,71
10.2307/4330755,768
10.2307/4330754,768
10.2307/4330757,212
10.2307/4330756,212
10.1007/s10739-013-9373-9,718
10.1007/s10739-015-9408-5,339
10.2307/4330999,128
10.2307/4330996,751
10.2307/4330995,477
10.2307/4330994,313
10.2307/4330993,796
10.2307/4330992,570
10.2307/4330991,561
10.2307/4330990,268
10.1007/s10739-015-9404-9,450
10.2307/41488448,103
10.2307/41488445,257
10.2307/41488444,777
10.2307/41488447,221
10.2307/41488446,590
10.2307/41488441,823
10.2307/41488440,183
10.2307/41488443,394
10.2307/41488442,795
10.1007/s10739-014-9377-0,507
10.2307/4331149,796
10.2307/4331148,151
10.2307/4330498,703
10.2307/40984889,532
10.2307/40984888,305
10.2307/40984887,146
10.2307/40984886,796
10.2307/40984885,506
10.2307/40984884,11
10.2307/40984883,526
10.2307/40984882,125
10.2307/40984881,266
10.2307/40984880,695
10.2307/4331369,239
10.2307/4331368,205
10.2307/4331363,763
10.2307/4331362,496
10.2307/4331367,555
10.2307/4331366,84
10.2307/4331365,623
10.2307/4331364,152
10.2307/4331965,820
10.2307/4331967,654
10.2307/4331966,575
10.2307/4331969,244
10.2307/4331968,447
10.2307/4330568,268
10.2307/4330569,134
10.2307/4330566,461
10.2307/4330564,577
10.2307/4330565,285
10.2307/4330562,250
10.2307/4330563,358
10.2307/4330560,324
10.2307/4330561,254
10.2307/4331565,50
10.2307/4331565,13
10.2307/4331565,716
10.2307/4331564,748
10.2307/4331567,37
10.2307/4331566,392
10.2307/4331560,555
10.2307/4331563,204
10.2307/4331569,319
10.2307/4331568,707
10.2307/4331767,434
10.2307/4331814,229
10.2307/4331765,110
10.2307/4331764,88
10.2307/4331811,326
10.2307/4331810,248
10.2307/4331761,301
10.2307/4331812,42
10.2307/4331819,843
10.2307/4331818,243
10.2307/4331769,234
10.2307/4331768,59
10.2307/4331589,237
10.2307/4331588,473
10.2307/4331587,148
10.2307/4331586,742
10.2307/4331585,200
10.2307/4331584,534
10.2307/4331581,85
10.2307/4331580,98
10.2307/4330691,404
10.2307/4330692,298
10.2307/4330693,122
10.2307/4330694,751
10.2307/4330695,189
10.2307/4330696,768
10.2307/4331102,796
10.2307/4331101,796
10.2307/4331100,288
10.2307/4331107,536
10.2307/4331106,140
10.2307/4331523,751
10.2307/4331523,124
10.2307/4331523,216
10.2307/4331523,521
10.2307/4331109,59
10.2307/4331108,446
10.2307/4330962,313
10.2307/4330963,73
10.2307/4330744,14
10.2307/4330961,151
10.2307/4330967,322
10.2307/4330965,151
10.2307/4331617,555
10.2307/4331616,343
10.2307/4331615,346
10.2307/4331614,174
10.2307/4331614,126
10.2307/4331613,381
10.2307/4331612,234
10.2307/4331611,516
10.2307/4331610,83
10.1007/s10739-015-9416-5,218
10.2307/4330989,706
10.2307/4330984,588
10.2307/4330985,796
10.2307/4330980,477
10.2307/4330981,313
10.2307/4330982,407
10.2307/4330983,85
10.2307/4330885,588
10.2307/4330884,588
10.1007/s10739-014-9383-2,762
10.1007/s10739-014-9383-2,287
10.2307/29737538,582
10.2307/29737539,234
10.1007/s10739-013-9366-8,735
10.2307/29737530,76
10.2307/29737530,289
10.2307/29737531,808
10.2307/29737532,445
10.2307/29737533,231
10.2307/29737534,797
10.2307/29737535,223
10.2307/29737536,243
10.2307/29737537,726
10.2307/4331774,331
10.2307/4331803,401
10.2307/4331803,765
10.2307/4331770,510
10.2307/4331771,180
10.1007/s10739-012-9335-7,314
10.2307/4331772,98
10.2307/4331805,125
10.1007/s10739-012-9338-4,171
10.1007/s10739-012-9338-4,256
10.1007/s10739-012-9338-4,374
10.1007/s10739-013-9362-z,362
10.1007/s10739-013-9362-z,481
10.2307/4330777,796
10.2307/4330776,751
10.2307/4331378,93
10.2307/4331379,694
10.2307/4331370,519
10.2307/4331371,483
10.2307/4331372,234
10.2307/4331373,3
10.2307/4331376,282
10.2307/4331377,559
10.2307/4330513,340
10.2307/4330512,34
10.2307/4330511,11
10.2307/4330510,673
10.2307/4330517,476
10.2307/4330517,99
10.2307/4330516,72
10.2307/4330515,75
10.2307/4330514,220
10.2307/4330514,730
10.2307/4330514,489
10.2307/4331572,767
10.2307/4331573,801
10.2307/4331570,695
10.2307/4331571,84
10.2307/4331576,291
10.2307/4331577,344
10.2307/4331574,144
10.2307/4331575,818
10.2307/4331578,94
10.2307/4331579,234
10.2307/4331802,221
10.2307/4331775,523
10.2307/4331776,125
10.2307/4331801,722
10.2307/4331806,589
10.2307/4331807,600
10.2307/4331804,223
10.2307/4331773,44
10.2307/4331808,232
10.2307/4331809,129
10.2307/4331779,402
10.2307/4331598,106
10.2307/4331599,272
10.2307/4331594,217
10.2307/4331595,325
10.2307/4331596,575
10.2307/4331597,386
10.2307/4331590,282
10.2307/4331591,43
10.2307/4331592,604
10.2307/4331593,184
10.2307/4331110,632
10.2307/4331111,751
10.2307/4331112,313
10.2307/4331113,313
10.2307/4331978,124
10.2307/4331117,544
10.2307/4331118,642
10.2307/4331119,45
10.2307/4331974,523
10.2307/4331975,729
10.2307/4331972,291
10.2307/4331973,191
10.2307/4331970,184
10.2307/4331971,616
10.2307/4331059,796
10.2307/4330581,131
10.2307/4330733,768
10.2307/4330732,768
10.2307/4330731,768
10.2307/4330583,325
10.2307/4330736,212
10.2307/4330735,212
10.1007/s10739-013-9367-7,698
10.2307/4331604,260
10.2307/4331605,267
10.2307/4331606,179
10.2307/4330738,324
10.2307/4331600,618
10.2307/4331601,108
10.2307/4331602,345
10.2307/4331603,525
10.2307/4331116,128
10.2307/4331500,184
10.2307/4331976,277
10.2307/4331977,343
10.2307/4331053,703
10.2307/40271535,163
10.2307/40271532,390
10.2307/40271533,382
10.2307/4331057,73
10.2307/4330647,350
10.2307/4330647,178
10.2307/4330647,36
10.2307/4330646,792
10.2307/4330645,98
10.2307/4330644,189
10.2307/4330643,527
10.2307/4330642,133
10.2307/4330901,588
10.1007/s10739-014-9392-1,799
10.2307/29737523,425
10.2307/29737522,282
10.2307/29737521,668
10.2307/29737520,77
10.2307/29737527,306
10.2307/29737526,591
10.2307/29737525,85
10.2307/29737524,65
10.2307/4331686,83
10.2307/4331097,605
10.2307/4331345,66
10.2307/4331344,234
10.2307/4331341,411
10.2307/4331340,127
10.2307/4331343,21
10.2307/4331342,368
10.2307/4331349,158
10.2307/4331348,669
10.2307/4330730,71
10.2307/4331421,37
10.2307/4330737,324
10.2307/4331705,444
10.1007/s10739-012-9347-3,666
10.2307/4330734,768
10.2307/4331707,752
10.2307/4330508,211
10.2307/4330509,570
10.2307/4330509,75
10.2307/4330509,321
10.2307/4330509,556
10.2307/4330509,134
10.2307/4331254,35
10.2307/4330500,461
10.2307/4330502,570
10.2307/4330502,124
10.2307/4330502,321
10.2307/4330503,321
10.2307/4330504,636
10.2307/4330505,2
10.2307/4330506,805
10.2307/4331252,124
10.2307/4331250,85
10.2307/4331291,555
10.2307/4331742,125
10.2307/4331297,584
10.2307/4331744,709
10.2307/4331295,763
10.2307/4331294,127
10.2307/4331749,291
10.2307/4331748,591
10.2307/4331299,349
10.2307/4331298,132
10.1007/s10739-014-9397-9,279
10.2307/40271488,225
10.2307/40271489,315
10.2307/40271486,281
10.2307/40271487,828
10.2307/40271485,149
10.2307/4331129,89
10.2307/4331128,113
10.2307/4331128,625
10.2307/4331124,659
10.2307/4331127,175
10.2307/4331121,477
10.2307/4331120,615
10.2307/4331123,796
10.2307/4331122,85
10.2307/4331909,106
10.2307/4331908,229
10.2307/4331903,17
10.2307/4331902,763
10.2307/4331901,504
10.2307/4331900,332
10.2307/4331907,544
10.2307/4331906,704
10.2307/4331905,326
10.2307/4331904,156
10.2307/4330720,839
10.2307/4330721,324
10.2307/4330722,324
10.2307/4330725,588
10.2307/4330726,376
10.2307/4330727,676
10.2307/4330728,309
10.2307/4331633,274
10.2307/4331632,751
10.2307/4331632,124
10.2307/4331635,591
10.2307/4331634,90
10.2307/4331637,31
10.2307/4331636,599
10.2307/4331486,98
10.2307/4331487,234
10.2307/4331956,802
10.2307/4331957,181
10.2307/4331950,660
10.2307/40271568,200
10.2307/4331480,185
10.2307/4331481,409
10.2307/4330658,324
10.2307/4330659,324
10.2307/4330654,168
10.2307/4330655,324
10.2307/4330656,839
10.2307/4330657,251
10.2307/4330651,675
10.2307/4330652,415
10.2307/4330653,839
10.2307/4330653,324
10.2307/40271561,29
10.2307/4331959,387
10.2307/40271563,606
10.1007/s10739-015-9405-8,538
10.1007/s10739-012-9325-9,156
10.2307/29737518,562
10.2307/29737519,297
10.2307/29737516,224
10.2307/29737517,7
10.2307/29737514,119
10.2307/29737515,518
10.2307/29737510,253
10.2307/29737511,245
10.1007/s10739-015-9400-0,209
10.1007/s10739-013-9356-x,124
10.2307/4330570,663
10.2307/4331009,12
10.1007/s10739-013-9352-1,595
10.1007/s10739-013-9352-1,474
10.2307/4331550,17
10.2307/4331551,166
10.2307/4331552,211
10.2307/4331553,326
10.2307/4331006,313
10.2307/4331555,200
10.2307/4331556,267
10.2307/4331005,151
10.2307/4330846,400
10.2307/4331352,320
10.2307/4331353,327
10.2307/4331350,386
10.2307/4331351,615
10.2307/4331356,184
10.2307/4331357,325
10.2307/4331354,9
10.2307/4331793,234
10.2307/4331358,77
10.2307/4331822,317
10.2307/4331791,16
10.2307/4331796,296
10.2307/4331797,596
10.2307/4331794,318
10.2307/4331827,85
10.1007/s10739-014-9374-3,450
10.2307/4330535,602
10.2307/4330534,825
10.2307/4330537,461
10.2307/4330536,11
10.2307/4330531,607
10.2307/4330530,566
10.2307/4330533,138
10.2307/4330532,516
10.2307/4330539,155
10.2307/4331758,163
10.2307/4331759,829
10.2307/4331757,211
10.2307/4331757,677
10.2307/4331752,267
10.2307/4331753,184
10.2307/4331750,103
10.2307/4331751,187
10.2307/4331280,381
10.2307/4331281,409
10.2307/4331282,164
10.2307/4331283,235
10.2307/4331284,152
10.2307/4331285,184
10.2307/4331286,749
10.2307/4331287,427
10.2307/4331288,217
10.2307/4331289,234
10.2307/40271494,243
10.2307/40271491,590
10.2307/40271490,591
10.2307/40271493,591
10.2307/40271492,425
10.2307/4331132,123
10.2307/4331133,154
10.2307/4331130,462
10.2307/4331131,256
10.2307/4331136,588
10.2307/4331137,235
10.2307/4331134,134
10.2307/4331135,63
10.2307/4331918,184
10.2307/4331919,410
10.2307/4331910,555
10.2307/4331911,352
10.2307/4331912,234
10.2307/4331913,190
10.2307/4331916,103
10.2307/4331917,59
10.2307/4330719,839
10.2307/4330718,768
10.2307/4330715,159
10.2307/4330715,768
10.2307/4330714,212
10.2307/4330717,768
10.2307/4330716,768
10.2307/4330711,227
10.2307/4330710,313
10.2307/4330713,276
10.2307/4330712,80
10.2307/4331626,660
10.2307/4331627,709
10.2307/4331624,751
10.2307/4331625,21
10.2307/4331622,243
10.2307/4331623,234
10.2307/4331620,624
10.2307/4331621,523
10.2307/4331628,248
10.2307/4331629,493
10.2307/4330669,569
10.2307/4330668,432
10.2307/4330887,407
10.2307/4330886,588
10.2307/4330881,574
10.2307/4330880,443
10.2307/4330883,588
10.2307/4330882,124
10.2307/4330661,324
10.2307/4330660,324
10.2307/4330663,839
10.2307/4330662,56
10.2307/4330667,59
10.2307/4330666,544
10.2307/4330869,588
10.2307/4330868,407
10.2307/4330867,588
10.2307/4330866,703
10.2307/4330865,818
10.2307/4330864,173
10.2307/4330863,139
10.2307/4330862,137
10.2307/4330861,353
10.1007/s10739-016-9435-x,763
10.2307/29737501,613
10.2307/29737500,64
10.2307/29737503,90
10.2307/29737502,575
10.2307/29737505,233
10.2307/29737504,725
10.2307/29737507,156
10.2307/29737506,397
10.2307/29737509,553
10.2307/29737508,160
10.1007/s10739-014-9382-3,803
10.2307/40271515,794
10.2307/4332009,344
10.2307/4332008,731
10.2307/40271516,115
10.2307/4332003,751
10.2307/4332002,185
10.2307/4332001,127
10.2307/4332000,214
10.2307/4332007,419
10.2307/4332006,59
10.2307/4332005,763
10.2307/4332004,192
10.1007/s10739-014-9375-2,471
10.1007/s10739-012-9339-3,769
10.1007/s10739-014-9379-y,123
10.1007/s10739-014-9384-1,657
10.1007/s10739-014-9384-1,143
10.2307/41653588,332
10.2307/41653589,348
10.1007/s10739-014-9388-x,745
10.2307/4330522,665
10.2307/4330523,540
10.2307/4330520,378
10.2307/4330571,644
10.2307/4330526,206
10.2307/4330527,461
10.2307/4330527,416
10.2307/4330524,400
10.2307/41653567,518
10.2307/41653567,150
10.2307/41653568,319
10.2307/41653569,192
10.2307/4330529,569
10.2307/4331728,82
10.2307/4331723,166
10.2307/4331722,633
10.2307/4331721,243
10.2307/4331720,16
10.2307/4331727,237
10.2307/4331726,491
10.2307/4331725,326
10.2307/4331724,353
10.2307/4330521,786
10.2307/4330525,62
10.2307/4330975,313
10.2307/4330758,839
10.2307/4331437,94
10.2307/4331437,438
10.2307/4331436,30
10.2307/4331435,640
10.2307/4331926,502
10.2307/4331921,422
10.2307/4331432,792
10.2307/4331432,664
10.2307/4331923,792
10.2307/4331430,330
10.2307/4331381,184
10.2307/4331380,191
10.2307/4331383,125
10.2307/4331382,98
10.2307/4331385,364
10.2307/4331928,751
10.2307/4331439,151
10.2307/4331438,85
10.2307/4331334,419
10.2307/4331496,219
10.2307/4331440,638
10.2307/4331441,688
10.2307/4331330,93
10.2307/4331330,625
10.2307/4331447,277
10.2307/4331447,625
10.2307/4330702,570
10.2307/4330703,570
10.2307/4330701,107
10.2307/4330706,151
10.2307/4330704,570
10.2307/4330705,570
10.2307/4331653,618
10.2307/4331652,261
10.2307/4331651,491
10.2307/4331650,525
10.2307/4331656,267
10.2307/4331655,451
10.2307/4331654,523
10.2307/4331659,751
10.2307/4331659,124
10.2307/4331925,815
10.2307/4330892,33
10.2307/4330677,133
10.2307/4330675,410
10.2307/4330896,588
10.2307/4330894,615
10.2307/4330895,322
10.2307/4330898,571
10.2307/4330899,588
10.2307/4330678,41
10.2307/4330679,255
10.2307/40801946,312
10.2307/40801947,367
10.2307/4330878,430
10.2307/4330879,106
10.1007/s10739-015-9410-y,715
10.2307/4330874,114
10.2307/4330877,216
10.2307/4330870,588
10.2307/4330871,588
10.2307/40801948,545
10.2307/40801949,5
10.1007/s10739-015-9414-7,65
10.1007/s10739-012-9319-7,342
10.2307/4332018,40
10.2307/4332019,488
10.1007/s10739-013-9360-1,302
10.2307/4332012,98
10.2307/4332013,127
10.2307/4332014,699
10.2307/4332015,97
10.2307/4332016,693
10.2307/4332017,23
10.1007/s10739-012-9337-5,342
10.1007/s10739-012-9337-5,420
10.1007/s10739-013-9368-6,537
10.1007/s10739-015-9418-3,712
10.2307/4331538,743
10.2307/4331539,491
10.2307/41653595,810
10.2307/41653594,523
10.2307/41653591,193
10.2307/41653590,713
10.2307/41653593,338
10.2307/41653592,419
10.2307/41653573,645
10.2307/41653572,150
10.2307/41653571,339
10.2307/41653570,359
10.2307/41653576,575
10.2307/41653575,232
10.2307/41653574,223
10.2307/4331531,377
10.2307/4331738,192
10.2307/4331739,43
10.2307/4331388,682
10.1007/s10739-014-9396-x,515
10.2307/4331732,688
10.2307/4331733,842
10.2307/4331734,253
10.2307/4331927,464
10.2307/4331736,224
10.2307/4331737,185
10.2307/4331434,130
10.2307/4331433,216
10.2307/4331920,610
10.2307/4331431,670
10.2307/4331922,585
10.2307/4331846,22
10.2307/4331029,151
10.2307/4331929,198
10.2307/4331384,368
10.2307/4331932,325
10.2307/4331933,279
10.2307/4331394,264
10.2307/4331931,125
10.2307/4331936,249
10.2307/4331393,94
10.2307/4331934,688
10.2307/4331935,796
10.2307/4331938,234
10.2307/4331939,517
10.2307/4331398,234
10.2307/4331399,92
10.2307/4331482,763
10.2307/4331640,331
10.2307/4331641,59
10.2307/4331642,325
10.2307/4331643,386
10.2307/4331644,229
10.2307/4331645,291
10.2307/4331646,414
10.2307/4331647,448
10.2307/4331648,272
10.2307/4331649,662
10.2307/4331002,298
10.2307/4331003,796
10.2307/4330603,652
10.2307/4330602,11
10.2307/4330601,124
10.2307/4330607,636
10.2307/4330606,805
10.2307/4330605,494
10.2307/4330604,124
10.2307/4330609,768
10.2307/4330609,324
10.2307/4330608,487
10.1007/s10739-014-9390-3,223
10.2307/4330849,588
10.2307/4330848,588
10.2307/40801951,156
10.2307/40801953,267
10.2307/40801952,243
10.2307/4330845,161
10.2307/40801954,10
10.2307/40801954,60
10.2307/40801956,763
10.1007/s10739-012-9349-1,783
10.1007/s10739-014-9394-z,480
10.2307/4332025,506
10.2307/4332024,221
10.2307/4332026,590
10.2307/4332021,837
10.2307/4332020,243
10.2307/4332023,234
10.2307/4332022,166
10.2307/4332029,208
10.1007/s10739-013-9371-y,753
10.1007/s10739-013-9353-0,789
10.2307/4330549,332
10.2307/4331095,785
10.2307/4331094,200
10.1007/s10739-012-9345-5,221
10.2307/4331096,441
10.2307/4331091,11
10.2307/4331093,459
10.2307/4331092,11
10.2307/4331099,812
10.2307/4331098,544
10.2307/4331255,21
10.2307/4331706,391
10.2307/4331253,796
10.2307/4331700,123
10.2307/4331251,84
10.2307/4331702,165
10.2307/4331709,19
10.2307/4331708,386
10.2307/4331259,564
10.2307/4331259,304
10.2307/4331258,751
10.1007/s10739-013-9359-7,810
10.2307/4331899,193
10.2307/4331898,726
10.2307/4331897,687
10.2307/4331896,124
10.2307/4331891,512
10.2307/4331890,234
10.2307/4331892,295
10.1007/s10739-015-9409-4,814
10.1007/s10739-013-9355-y,334
10.2307/4331411,184
10.2307/4331410,365
10.2307/4331413,234
10.2307/4331412,3
10.2307/4331414,699
10.2307/4331417,338
10.2307/4331419,804
10.2307/4331418,134
10.2307/4331678,493
10.2307/4331675,494
10.2307/4331674,169
10.2307/4331677,56
10.2307/4331676,551
10.2307/4331671,368
10.2307/4331670,473
10.2307/4331673,192
10.2307/4331672,525
10.2307/40271518,213
10.2307/40271519,90
10.2307/4331079,58
10.2307/4331078,71
10.2307/4331075,363
10.2307/4331074,288
10.2307/4331073,85
10.2307/4331072,751
10.2307/4331071,71
10.2307/40271517,116
10.1007/s10739-012-9342-8,87
10.2307/4330676,71
10.2307/4330893,125
10.2307/4330890,710
10.2307/4330891,274
10.2307/4330614,410
10.2307/4330615,546
10.2307/4330616,663
10.2307/4330617,615
10.2307/4330618,440
10.2307/4330619,172
10.2307/4330619,111
10.2307/4330619,324
10.1007/s10739-013-9370-z,774
10.2307/4330507,124
10.2307/4330897,796
10.1007/s10739-012-9327-7,420
10.2307/4330670,485
10.2307/4330671,99
10.2307/4330856,703
10.2307/4330857,400
10.2307/4330855,33
10.2307/4330852,212
10.2307/4330850,588
10.2307/4330851,588
10.2307/4330951,161
10.2307/4330950,85
10.2307/41488439,763
10.2307/4330773,465
10.2307/4330770,569
10.2307/29737558,562
10.2307/29737552,395
10.2307/29737553,7
10.2307/29737550,108
10.2307/29737551,509
10.2307/29737556,141
10.2307/29737557,49
10.2307/29737557,637
10.2307/29737554,221
10.2307/29737555,737
10.2307/4331741,142
10.2307/4331740,838
10.2307/4331011,533
10.2307/4331743,243
10.2307/4332032,229
10.2307/4332033,200
10.2307/4332030,529
10.2307/4332031,68
10.2307/41488388,55
10.2307/41488388,798
10.2307/4332034,65
10.2307/4331745,77
10.2307/4331296,26
10.2307/4331747,464
10.2307/4331746,90
10.2307/41488386,246
10.2307/41488386,583
10.2307/41488387,406
10.2307/41488385,700
10.2307/41488385,102
10.2307/41488430,721
10.2307/41488431,70
10.2307/41488432,787
10.2307/41488433,505
10.2307/41488434,562
10.2307/41488435,654
10.2307/41488436,65
10.2307/41488389,18
10.2307/4330872,588
10.2307/4330873,194
10.1007/s10739-013-9357-9,547
10.1007/s10739-014-9378-z,121
10.2307/42628803,221
10.2307/42628806,87
10.2307/42628807,755
10.2307/42628804,666
10.2307/42628805,225
10.2307/42628808,223
10.2307/42628809,537
10.2307/4331990,188
10.2307/25650625,280
10.2307/25650626,782
10.2307/25650626,39
10.2307/4331993,223
10.2307/4331082,180
10.2307/4331083,313
10.2307/4331080,85
10.2307/4331081,530
10.2307/4331086,703
10.2307/4331087,703
10.2307/4331084,751
10.2307/4331085,751
10.2307/4331088,703
10.2307/4331712,688
10.2307/4331713,313
10.2307/4331710,105
10.2307/4331247,282
10.2307/4331717,498
10.2307/4331242,291
10.2307/4331243,222
10.2307/4331718,234
10.2307/4331719,555
10.2307/4331248,124
10.2307/4331249,184
10.1007/s10739-014-9389-9,169
10.2307/4331888,207
10.2307/4331889,338
10.2307/4331882,591
10.2307/4331883,709
10.2307/4331880,43
10.2307/4331881,589
10.2307/4331886,252
10.2307/4331887,57
10.2307/4331884,502
10.2307/4331885,264
10.2307/4331930,494
10.2307/4331408,123
10.2307/4331409,477
10.2307/4331406,409
10.2307/4331407,58
10.2307/4331404,169
10.2307/4331405,381
10.2307/4331402,409
10.2307/4331402,169
10.2307/4331403,21
10.1007/s10739-012-9343-7,755
10.2307/25650648,199
10.2307/25650646,234
10.2307/25650647,410
10.2307/25650644,629
10.2307/25650645,21
10.2307/25650642,119
10.2307/25650643,778
10.2307/25650640,751
10.2307/25650640,166
10.2307/25650641,221
10.2307/4331514,78
10.2307/4331514,25
10.2307/4331668,109
10.2307/4331669,229
10.2307/4331662,224
10.2307/4331663,719
10.2307/4331660,638
10.2307/4331661,146
10.2307/4331666,98
10.2307/4331667,191
10.2307/4331664,784
10.2307/4331664,549
10.2307/4331664,4
10.2307/4331665,118
10.2307/4330592,768
10.2307/4330592,324
10.2307/4330591,792
10.2307/4330590,134
10.2307/4330597,59
10.2307/4331069,195
10.2307/4330595,186
10.2307/4330594,332
10.2307/4331510,292
10.2307/4330599,611
10.2307/4331067,77
10.2307/4331060,751
10.2307/4331061,796
10.2307/4330915,52
10.2307/4330914,407
10.2307/4330913,751
10.2307/4330912,723
10.2307/4330911,588
10.2307/4330910,588
10.2307/4331513,688
10.2307/4330919,750
10.2307/4330918,168
10.2307/4330628,211
10.2307/4330625,830
10.2307/4330624,839
10.2307/4330624,96
10.2307/4330627,646
10.2307/4330626,648
10.2307/4330623,703
10.2307/4330622,373
10.2307/4330823,588
10.2307/4330822,151
10.2307/4330821,259
10.2307/4330820,407
10.2307/4330827,588
10.2307/4330826,151
10.2307/4330825,588
10.2307/4330824,588
10.1007/s10739-015-9411-x,689
10.2307/29737549,672
10.2307/29737548,408
10.2307/29737547,835
10.2307/29737547,581
10.2307/29737546,700
10.2307/29737541,668
10.2307/29737540,233
10.2307/29737542,7
10.1007/s10739-014-9380-5,668
10.1007/s10739-013-9361-0,360
10.1007/s10739-013-9369-5,297
10.2307/41488429,763
10.2307/41488428,223
10.2307/41488423,98
10.2307/41488390,468
10.2307/41488393,156
10.2307/41488420,641
10.2307/41488427,232
10.2307/41488394,136
10.2307/41488425,589
10.2307/41488424,223
10.2307/4331820,200
10.2307/4330960,708
10.2307/42628810,297
10.2307/4331639,43
10.2307/4331638,319
10.2307/4331951,192
10.1007/s10739-015-9419-2,614
10.2307/4331244,660
10.2307/4331245,470
10.2307/4331246,728
10.2307/4331711,200
10.2307/4330729,663
10.2307/4330729,527
10.2307/4331716,16
10.2307/4331271,32
10.2307/4331270,84
10.2307/4331273,235
10.2307/4331272,85
10.2307/4331279,754
10.2307/4331278,123
10.2307/4331715,709
10.2307/4330964,796
10.2307/4331877,262
10.2307/4331876,109
10.2307/4331875,357
10.2307/4331874,738
10.2307/4331871,267
10.2307/4331870,118
10.2307/4331879,610
10.2307/4331878,658
10.2307/4331189,586
10.2307/4331188,393
10.2307/4331183,125
10.2307/4331182,796
10.2307/4331181,588
10.2307/4331180,264
10.2307/4331187,32
10.2307/4331479,634
10.2307/4331479,660
10.2307/4331478,329
10.2307/4331473,448
10.2307/4331472,371
10.2307/4331471,523
10.2307/4331470,815
10.2307/4331477,229
10.2307/4331924,72
10.2307/4331983,342
10.2307/4331982,16
10.2307/4331981,234
10.2307/4331980,200
10.2307/4331986,555
10.2307/4331985,243
10.2307/4331984,472
10.2307/4331989,90
10.2307/4331697,633
10.2307/4331696,434
10.2307/4331695,597
10.2307/4331694,106
10.2307/4331693,44
10.2307/4331692,234
10.2307/4331691,421
10.2307/4331690,419
10.2307/4331699,631
10.2307/4331698,639
10.2307/4331507,466
10.2307/4331506,751
10.2307/4331506,124
10.2307/4330582,245
10.2307/4331503,191
10.2307/4331502,243
10.2307/4331501,277
10.2307/40271539,532
10.2307/4331051,458
10.2307/4330589,385
10.2307/40271534,6
10.2307/4331052,278
10.2307/4331055,796
10.2307/4331054,454
10.2307/4331509,237
10.2307/4331508,227
10.2307/4330905,161
10.2307/4330906,381
10.2307/4330906,444
10.2307/4330907,282
10.2307/4330900,610
10.1007/s10739-012-9333-9,756
10.2307/4330908,189
10.2307/4330909,727
10.2307/4330639,566
10.2307/4330632,469
10.2307/4330633,588
10.2307/4330636,544
10.2307/4330637,332
10.2307/4330634,476
10.2307/4330634,99
10.2307/4330635,103
10.2307/4331290,711
10.1007/s10739-013-9364-x,196
10.1007/s10739-013-9364-x,619
10.2307/4330832,139
10.2307/4330833,386
10.2307/4330834,69
10.2307/4330834,383
10.2307/4330834,101
10.2307/4330835,793
10.2307/4330836,570
10.2307/4330837,723
10.2307/4330838,588
10.1007/s10739-015-9413-8,523
10.1007/s10739-014-9391-2,27
10.2307/42628792,171
10.2307/42628792,256
10.2307/42628792,374
10.2307/42628793,429
10.2307/42628790,769
10.2307/42628791,65
10.1007/s10739-012-9348-2,225
10.2307/42628794,302
10.2307/42628795,360
10.2307/29737444,21
10.2307/29737445,17
10.2307/29737446,169
10.2307/29737447,409
10.2307/29737443,263
10.2307/29737443,21
10.2307/29737448,263
10.2307/29737449,593
10.1007/s10739-014-9395-y,67
10.1007/s10739-013-9372-x,223
10.1007/s10739-014-9386-z,369
10.2307/4330613,226
10.2307/41488418,98
10.2307/41488419,90
10.2307/41488416,379
10.2307/41488417,234
10.2307/41488414,681
10.2307/41488415,565
10.2307/41488412,84
10.2307/41488412,831
10.2307/41488413,116
10.2307/4331815,751
10.2307/4331766,791
10.2307/4331817,234
10.2307/4331816,85
10.2307/4331763,124
10.2307/4331762,332
10.2307/4331813,105
10.2307/4331760,167
10.1007/s10739-015-9399-2,125
10.2307/42628770,247
10.2307/42628771,420
10.2307/42628772,342
10.2307/42628773,783
10.2307/42628774,314
10.2307/42628775,334
10.2307/42628776,124
10.2307/42628777,547
10.2307/42628778,532
10.2307/4331268,123
10.2307/4331269,58
10.2307/4331266,211
10.2307/4331267,356
10.2307/4331264,660
10.2307/4331265,332
10.2307/4331262,180
10.2307/4331262,598
10.2307/4331263,326
10.2307/4331260,278
10.2307/4331261,180
10.2307/4331261,123
10.2307/4331864,86
10.2307/4331865,612
10.2307/4331866,523
10.2307/4331867,199
10.2307/4331860,824
10.2307/4331861,234
10.2307/4331862,176
10.2307/4331863,156
10.2307/40802750,126
10.2307/40802751,579
10.2307/4331868,181
10.2307/4331869,291
10.2307/4331198,259
10.1007/s10739-012-9344-6,761
10.1007/s10739-012-9344-6,576
10.2307/4331190,158
10.2307/4331191,552
10.2307/4331192,184
10.2307/4331193,124
10.2307/4331194,9
10.2307/4331195,632
10.2307/4331196,452
10.2307/4331197,411
10.2307/4331468,264
10.2307/4331469,331
10.1007/s10739-014-9398-8,678
10.2307/4331460,780
10.2307/4331463,399
10.2307/4331464,397
10.2307/4331465,604
10.2307/4331466,763
10.2307/4331467,550
10.1007/s10739-013-9358-8,532
10.2307/40271521,796
10.2307/40271520,267
10.2307/40271523,234
10.2307/40271522,98
10.2307/40271525,654
10.2307/40271524,370
10.2307/40271526,377
10.1007/s10739-013-9350-3,713
10.2307/25650624,688
10.2307/4331991,348
10.2307/4331992,755
10.2307/4331992,643
10.2307/25650627,145
10.2307/25650627,236
10.2307/25650627,834
10.2307/4331994,497
10.2307/4331995,142
10.2307/4331996,658
10.2307/4331997,433
10.2307/4331998,589
10.2307/4331999,367
10.2307/25650628,170
10.2307/25650629,51
10.2307/4331684,757
10.2307/4331685,355
10.1007/s10739-012-9341-9,429
10.2307/4331687,85
10.1007/s10739-013-9354-z,81
10.2307/4331682,751
10.2307/4331683,755
10.2307/4331688,517
10.2307/4331689,534
10.2307/4331046,796
10.2307/4331515,313
10.2307/4331516,28
10.2307/4331517,234
10.2307/4331042,376
10.2307/4331511,232
10.2307/4331512,826
10.2307/4331041,256
10.2307/4331518,626
10.2307/4331519,43
10.2307/4331049,94
10.2307/4330931,796
10.2307/4330933,342
10.2307/4330932,58
10.2307/4330935,588
10.2307/4330934,85
10.2307/4330937,588
10.2307/4330936,588
10.2307/4330939,588
10.2307/4330938,588
10.2307/4330489,124
10.2307/4330488,11
10.2307/4330483,570
10.2307/4330485,516
10.2307/4330484,400
10.2307/4330487,461
10.2307/4330486,155
10.2307/4330809,588
10.2307/4330808,588
10.2307/4330805,372
10.2307/4330804,98
10.2307/4330807,588
10.2307/4330806,588
10.2307/4330801,227
10.2307/4330800,139
10.2307/4330803,568
10.2307/4330802,443
10.2307/4331714,238
10.2307/4330979,477
10.2307/4331068,419
10.2307/4330978,347
10.2307/4330596,577
10.1007/s10739-012-9326-8,247
10.2307/4331065,660
10.2307/4331065,634
10.2307/4331065,123
10.2307/4331066,215
10.2307/4330598,830
10.2307/42628789,756
10.2307/40271538,796
10.2307/29737457,772
10.2307/29737456,318
10.2307/29737455,317
10.2307/29737454,100
10.2307/29737453,820
10.2307/29737452,297
10.2307/29737451,796
10.2307/29737450,351
10.2307/29737458,488
10.2307/40271537,120
10.1007/s10739-015-9403-x,790
10.1007/s10739-013-9351-2,418
10.2307/41488401,520
10.2307/41488400,445
10.2307/42628761,124
10.2307/41488402,241
10.2307/41488402,388
10.2307/41488405,223
10.2307/42628766,713
10.2307/41488407,43
10.2307/41488406,200
10.2307/41488409,149
10.2307/41488408,425
10.2307/42628769,342
10.2307/42628769,420
10.2307/4331219,326
10.2307/4331218,460
10.2307/4331211,125
10.2307/4331210,184
10.2307/4331217,269
10.2307/4331216,544
10.2307/4331215,411
10.2307/4331214,337
10.2307/4331214,207
10.2307/4331520,200
10.2307/40271530,98
10.2307/4331851,661
10.2307/4331850,103
10.2307/4331853,213
10.2307/4331852,210
10.2307/40802749,243
10.2307/40802748,601
10.2307/4331857,98
10.2307/4331856,282
10.2307/4331859,44
10.2307/4331858,361
10.2307/40802747,713
10.2307/40802746,691
10.2307/40802741,601
10.2307/40802740,396
10.2307/40802743,769
10.2307/40802742,384
10.2307/40271531,139
10.2307/4331455,217
10.2307/4331326,841
10.2307/4331325,25
10.2307/4331456,523
10.2307/4331451,841
10.2307/4331453,359
10.2307/4331320,86
10.2307/4331459,234
10.2307/4331458,335
10.2307/4331329,78
10.2307/4331328,337
10.2307/4331328,207
10.2307/4330745,555
10.2307/4330966,751
10.2307/4330743,133
10.2307/40271554,562
10.2307/40271555,146
10.2307/40271550,680
10.2307/40271551,442
10.2307/40271552,221
10.2307/40271553,500
10.2307/4331618,261
10.2307/40271558,644
10.2307/40271559,726
10.2307/25650636,555
10.2307/25650635,375
10.2307/25650634,532
10.2307/25650633,744
10.2307/25650632,243
10.2307/25650631,833
10.2307/25650630,306
10.2307/4330580,332
10.2307/4331030,282
10.2307/4331524,496
10.2307/4331529,184
10.2307/4331528,615
10.2307/4331039,453
10.2307/4331038,703
10.2307/4331043,85
10.2307/4331735,720
10.2307/4331040,299
10.2307/4330496,275
10.2307/4330496,531
10.2307/4330497,400
10.2307/4330494,435
10.2307/4330495,776
10.2307/4330493,134
10.2307/4330490,201
10.2307/4330491,2
10.2307/4331147,185
10.2307/4331146,132
10.2307/4331145,419
10.2307/4331144,269
10.2307/4331143,543
10.2307/4331142,308
10.2307/4331141,322
10.2307/4330499,124
10.2307/4330499,62
10.2307/4330818,227
10.2307/4330819,535
10.2307/4330819,827
10.2307/4330810,151
10.2307/4330811,151
10.2307/4330816,398
10.2307/4330817,278
10.2307/4330815,144
10.2307/4330584,461
10.2307/4330584,324
10.2307/4330928,322
10.2307/4330926,571
10.2307/4330927,588
10.2307/4330924,588
10.2307/4330925,151
10.2307/4330922,400
10.2307/4330923,268
10.2307/4330920,546
10.2307/4330921,293
10.2307/4331947,828
10.2307/4331498,98
10.2307/4331045,85
10.2307/4330586,24
10.2307/4331070,508
10.2307/4331944,479
10.2307/4331944,531
10.1007/s10739-014-9381-4,524
10.2307/4331396,79
10.2307/4330587,734
10.2307/4331397,397
10.2307/4330588,15
10.2307/4330588,703
10.2307/29737468,103
10.2307/29737469,485
10.2307/4331497,200
10.2307/29737463,117
10.2307/29737463,651
10.2307/29737466,366
10.2307/29737467,318
10.2307/29737464,811
10.2307/29737465,684
10.2307/4331395,671
10.1007/s10739-014-9385-0,511
10.1007/s10739-014-9385-0,424
10.2307/4330739,324
10.1007/s10739-014-9376-1,334
10.2307/4331015,161
10.2307/4331392,306
10.2307/4331525,492
10.2307/4330545,400
10.2307/42628765,418
10.2307/4331549,751
10.2307/4331548,421
10.2307/4331548,603
10.2307/4331390,518
10.2307/4330540,461
10.2307/4330541,608
10.2307/42628764,580
10.2307/29737480,443
10.2307/29737481,541
10.2307/29737482,229
10.2307/29737483,219
10.2307/29737484,622
10.2307/29737485,268
10.2307/29737486,56
10.2307/29737487,98
10.2307/29737488,413
10.2307/29737489,512
10.2307/4331016,588
10.2307/4331547,325
10.2307/4331546,709
10.2307/4331208,77
10.2307/4331209,84
10.2307/4331013,588
10.2307/4331201,184
10.2307/4331202,660
10.2307/4331203,462
10.2307/4331203,61
10.2307/4331204,542
10.2307/4331205,353
10.2307/4331206,796
10.2307/4331207,94
10.2307/4331424,44
10.2307/4331425,185
10.2307/4331426,604
10.2307/4331427,21
10.2307/4331420,46
10.2307/4331937,759
10.2307/42628763,230
10.2307/42628763,697
10.2307/4331422,701
10.2307/42628762,156
10.2307/4331391,482
10.2307/4331391,522
10.2307/41488403,310
10.2307/4331833,94
10.2307/42628760,761
10.2307/42628760,576
10.2307/4331784,17
10.2307/4331831,21
10.2307/41488404,746
10.2307/4331442,796
10.2307/4331335,381
10.2307/4331336,460
10.2307/4331337,439
10.2307/4331446,625
10.2307/4331446,337
10.2307/4331446,147
10.2307/4331446,207
10.2307/4331331,595
10.2307/4331331,66
10.2307/4331331,92
10.2307/4331837,231
10.2307/4331448,341
10.2307/4331449,54
10.2307/4331338,773
10.2307/4331339,448
10.2307/4331780,430
10.1007/s10739-014-9387-y,548
10.2307/4331783,283
10.2307/4331058,73
10.2307/4331782,623
10.2307/40271547,557
10.2307/40271546,751
10.2307/40271545,313
10.2307/40271542,654
10.2307/40271541,457
10.2307/40271541,775
10.2307/40271541,7
10.2307/40271540,591
10.2307/40271549,313
10.2307/40271548,234
10.2307/4330795,212
10.2307/4330794,578
10.2307/4330796,212
10.2307/4330791,588
10.2307/4330790,124
10.2307/4330790,739
10.2307/4330793,151
10.2307/4330792,839
10.2307/4330557,202
10.2307/4330557,727
10.2307/4330556,410
10.2307/4330555,206
10.2307/4330554,627
10.2307/4330553,652
10.2307/4330552,494
10.2307/4330551,469
10.2307/4330550,469
10.2307/4331536,261
10.2307/4331537,72
10.2307/4331534,477
10.2307/4331535,166
10.2307/4331532,496
10.2307/4331533,696
10.2307/4330559,59
10.2307/4331020,278
10.2307/4331021,77
10.2307/4331022,2
10.2307/4331023,642
10.2307/4331024,161
10.2307/4331025,609
10.2307/4331026,282
10.2307/4331027,161
10.2307/4331028,588
10.2307/4331847,600
10.2307/4331844,105
10.2307/4331845,464
10.2307/4331842,617
10.2307/4331843,166
10.2307/4331840,265
10.2307/4331841,48
10.2307/4330746,740
10.2307/4331830,685
10.2307/4331830,692
10.2307/4331158,496
10.2307/4331159,165
10.2307/4331156,73
10.2307/4331157,26
10.2307/4331150,838
10.2307/4331151,838
10.2307/4331152,796
10.2307/4331153,407
10.1007/s10739-015-9412-9,810
10.1007/s10739-012-9336-6,65
10.2307/4330959,714
10.2307/4330958,443
10.2307/4330779,124
10.2307/4330778,85
10.2307/4330953,610
10.2307/4330952,322
10.2307/4330775,751
10.2307/4330775,796
10.2307/4330775,85
10.2307/4330774,380
10.2307/4330957,300
10.1007/s10739-013-9365-9,649
10.2307/4331050,308
10.1007/s10739-015-9417-4,741
10.2307/4331355,85
10.2307/4331389,115
10.2307/29737475,737
10.2307/29737474,333
10.2307/29737477,813
10.2307/29737476,758
10.2307/29737471,182
10.2307/29737470,545
10.2307/29737473,234
10.2307/29737472,555
10.2307/4331979,118
10.1007/s10739-011-9317-1,124
10.2307/4330945,560
10.2307/4331731,751
10.2307/4331731,570
10.2307/4331731,124
10.2307/4331731,354
10.1007/s10739-012-9334-8,697
10.1007/s10739-012-9334-8,463
10.2307/4330954,723
10.2307/4331044,329
10.1007/s10739-013-9363-y,821
10.2307/4331056,407
10.2307/41488460,253
10.2307/41488460,8
10.2307/29737492,667
10.2307/29737491,303
10.2307/29737490,306
10.2307/29737497,623
10.2307/29737497,475
10.2307/29737496,200
10.2307/29737495,98
10.2307/29737499,558
10.2307/29737499,763
10.2307/29737498,252
10.2307/4331235,290
10.2307/4331235,656
10.2307/4331234,806
10.2307/4331237,106
10.2307/4331236,84
10.2307/4331231,290
10.2307/4331230,838
10.2307/4331233,270
10.2307/4331232,766
10.2307/4331232,630
10.2307/4331239,234
10.2307/4331238,751
10.2307/4331544,184
10.2307/4330749,516
10.2307/4330749,385
10.2307/4331855,237
10.2307/4331854,0
10.2307/4331301,234
10.2307/4331300,152
10.2307/4331303,317
10.2307/4331302,85
10.2307/4331305,264
10.2307/4331304,751
10.2307/4331306,125
10.2307/4331309,59
10.2307/40802744,833
10.2307/4331499,772
10.2307/4331946,389
10.2307/4331945,19
10.2307/4331945,323
10.2307/4331945,553
10.2307/4331943,65
10.2307/4331942,38
10.2307/4331491,570
10.2307/4331493,17
10.2307/4331492,634
10.2307/4331495,43
10.2307/4331494,732
10.2307/4331949,754
10.2307/4331948,188
10.2307/4330780,11
10.2307/4330786,299
10.2307/4330787,431
10.2307/4330784,661
10.2307/4330785,455
10.2307/4330788,307
10.2307/4330789,528
10.2307/4330544,822
10.2307/4330546,461
10.2307/4330546,74
10.2307/4330546,206
10.2307/4330542,53
10.2307/4330543,325
10.2307/4331014,144
10.2307/4331540,156
10.2307/4330548,717
10.2307/4330548,653
10.2307/4331010,91
10.2307/4331545,686
10.2307/4331012,727
10.2307/4331839,626
10.2307/4331838,764
10.2307/4331789,707
10.2307/4331788,770
10.2307/4331785,494
10.2307/4331832,192
10.2307/4331787,22
10.2307/4331786,84
10.2307/4331781,158
10.2307/4331836,325
10.2307/4331835,709
10.2307/4331834,90
10.1007/s10739-015-9422-7,620
10.2307/4331161,702
10.2307/4331160,462
10.2307/4331163,85
10.2307/4331162,313
10.2307/4331165,353
10.2307/4331164,353
10.2307/4331167,407
10.2307/4331166,125
10.2307/4331327,162
10.2307/4331454,16
10.2307/4331457,523
10.2307/4331324,625
10.2307/4331324,337
10.2307/4331324,207
10.2307/4330766,71
10.2307/4331450,337
10.2307/4331450,207
10.2307/4330944,134
10.2307/4331452,625
10.2307/4330761,212
10.2307/4330948,20
10.2307/4330949,588
10.2307/4330768,422
10.2307/4330769,92
10.2307/4330940,588
10.2307/4330765,133
10.2307/4330767,453
10.2307/4330760,212
10.2307/4331476,637
10.2307/4330946,329
10.2307/4330947,816
