DOI,AboutLocation,AuthorLocation
10.2307/41488394,5128581,4914512
10.2307/41488394,4560349,4914512
10.2307/41488394,4887398,4914512
10.2307/41488425,2186224,2654710
10.2307/41488425,6269131,2654710
10.2307/4330841,6269131,4930956
10.2307/4330842,2782113,-1
10.2307/4330845,6251999,5725846
10.2307/4330844,3017382,-1
10.2307/4330846,-1,-1
10.2307/41488458,6252001,-1
10.2307/41488459,2017370,-1
10.2307/41488452,4140963,4140963
10.2307/41488453,2921044,4887398
10.2307/41488451,6269131,-1
10.2307/41488456,-1,-1
10.2307/41488457,6252001,-1
10.2307/41488454,3367577,2855745
10.2307/41488455,390903,281184
10.2307/4331610,6269131,4254679
10.2307/4331222,-1,-1
10.2307/4331223,6252001,5113752
10.2307/4331220,6252001,4140963
10.2307/4331227,6269131,4931972
10.2307/4331228,-1,-1
10.2307/4331229,2017370,-1
10.2307/4331317,6252001,4460162
10.2307/4331314,6252001,-1
10.2307/4331315,-1,-1
10.2307/4331312,2921044,4843786
10.2307/4331313,-1,-1
10.2307/4331310,6269131,4931972
10.2307/4331311,-1,4156404
10.2307/4331486,-1,5113752
10.2307/4331487,6252001,-1
10.2307/4331487,6251999,-1
10.2307/4331956,6252001,4984247
10.2307/4331485,2921044,-1
10.2307/4331482,6252001,-1
10.2307/4331483,6252001,-1
10.2307/4331480,6252001,-1
10.2307/4331481,6252001,2988507
10.2307/40271565,6269131,-1
10.2307/40271564,5113223,-1
10.2307/40271564,6252001,-1
10.2307/40271567,6252001,4347778
10.2307/40271566,-1,-1
10.2307/40271561,5128581,5102922
10.2307/40271561,6269131,5102922
10.2307/40271560,2623032,3143244
10.2307/40271560,2618425,3143244
10.2307/40271563,4929024,5391811
10.2307/40271562,6252001,5351247
10.2307/4330571,-1,-1
10.2307/4330570,2618425,5969423
10.2307/4330570,2921044,5969423
10.2307/4330573,-1,4956184
10.2307/4330572,1275004,4834157
10.2307/4330572,6269131,4834157
10.2307/4330574,3171728,4929022
10.2307/4330574,7288046,4929022
10.2307/4330577,3017382,5720727
10.2307/4330576,7288046,4931972
10.2307/4330576,2666199,4931972
10.2307/4330576,2946447,4931972
10.2307/4330579,2921044,4509177
10.2307/4330578,2921044,5969423
10.2307/4330578,6269131,5969423
10.2307/4331000,6252001,-1
10.2307/4331000,6269131,-1
10.2307/4331001,6252001,-1
10.2307/4331555,-1,-1
10.2307/4331556,4099753,-1
10.2307/4331557,6269131,4887398
10.2307/4331828,4846179,5141502
10.2307/4331829,6262131,4991640
10.2307/4331798,390903,-1
10.2307/4331820,6269131,-1
10.2307/4331821,2078025,-1
10.2307/4331821,2077456,-1
10.2307/4331790,4197000,-1
10.2307/4331791,5332921,-1
10.2307/4331796,6252001,-1
10.2307/4331797,2077456,-1
10.2307/4331797,6251999,-1
10.2307/4331794,554234,-1
10.2307/4331794,1797929,-1
10.2307/4331827,5363943,5525577
10.2307/4331035,-1,-1
10.2307/4331526,6252001,-1
10.2307/4331526,6269131,-1
10.2307/4330688,3182230,-1
10.2307/4330685,6252001,-1
10.2307/4330684,-1,-1
10.2307/4331176,3017382,-1
10.2307/4331177,6252001,-1
10.2307/4331174,2921044,5261457
10.2307/4331175,390903,4887398
10.2307/4331172,6252001,2643123
10.2307/4331173,-1,2643123
10.2307/4331170,6252001,2988507
10.2307/4331171,6252001,5856195
10.2307/4331179,2988507,4929022
10.2307/4330759,390903,-1
10.2307/4330758,2510769,-1
10.2307/4330977,-1,5318313
10.2307/4330976,5113223,5317058
10.2307/4330971,6252001,5317058
10.2307/4330971,6252001,5037649
10.2307/4330973,6252001,4351977
10.2307/4330973,6269131,4351977
10.2307/4330972,-1,5261457
10.2307/4330751,6269131,5720727
10.2307/4330750,6269131,2643743
10.2307/4330753,6252001,4931972
10.2307/4330752,6269131,4954380
10.2307/4330755,-1,-1
10.2307/4330754,-1,-1
10.2307/4330757,2017370,-1
10.2307/4330756,1269750,-1
10.2307/4330756,3469034,-1
10.2307/4330999,6269131,4180439
10.2307/4330994,6252001,-1
10.2307/4330994,6269131,-1
10.2307/4330994,2921044,-1
10.2307/4330991,-1,5327684
10.2307/4330990,6269131,8469294
10.2307/41488448,1269750,-1
10.2307/41488445,6269131,-1
10.2307/41488444,2623032,5992500
10.2307/41488447,5109177,-1
10.2307/41488441,6269131,4931972
10.2307/41488441,2921044,4931972
10.2307/41488440,-1,2996944
10.2307/41488443,2797656,2973495
10.2307/41488442,2921044,295530
10.2307/4331149,-1,-1
10.2307/4331148,2017370,4543762
10.2307/4330498,6269131,4834157
10.2307/40984888,-1,-1
10.2307/40984887,-1,-1
10.2307/40984886,4887398,-1
10.2307/40984884,2921044,-1
10.2307/40984883,2921044,293397
10.2307/40984882,6252001,4780837
10.2307/40984881,6252001,293807
10.2307/40984880,6252001,4839366
10.2307/40984880,2921044,4839366
10.2307/4331368,-1,-1
10.2307/4331363,5332921,5341704
10.2307/4331363,2921044,5341704
10.2307/4331362,2879139,2147714
10.2307/4331362,4887398,2147714
10.2307/4331367,6252001,4156404
10.2307/4331367,6269131,4156404
10.2307/4331367,3175395,4156404
10.2307/4331366,6269131,5261457
10.2307/4331366,3017382,5261457
10.2307/4331366,2623032,5261457
10.2307/4331366,934292,5261457
10.2307/4331365,2750405,-1
10.2307/4331364,6269131,4744326
10.2307/4330761,390903,-1
10.2307/4331960,2921044,-1
10.2307/4331965,3017382,2988507
10.2307/4331967,6252001,-1
10.2307/4331966,4138106,2644688
10.2307/4331966,6252001,2644688
10.2307/4331969,2782113,5206379
10.2307/4331968,6252001,5102922
10.2307/4331968,2782113,5102922
10.2307/4330568,-1,-1
10.2307/4330569,3017382,4931972
10.2307/4330564,2629131,5122432
10.2307/4330565,3017382,4991640
10.2307/4330562,-1,4930956
10.2307/4330563,2921044,5969423
10.2307/4330560,3175395,4930956
10.2307/4330561,-1,2643743
10.2307/4331565,-1,2650225
10.2307/4331565,-1,2655603
10.2307/4331565,-1,2657832
10.2307/4331564,6252001,4560349
10.2307/4331567,4846834,4143861
10.2307/4331566,-1,2643123
10.2307/4331563,3017382,5144040
10.2307/4331569,6252001,-1
10.2307/4331569,6269131,-1
10.2307/4331569,3017382,-1
10.2307/4331569,2921044,-1
10.2307/4331815,6252001,-1
10.2307/4331814,2921044,-1
10.2307/4331814,2017370,-1
10.2307/4331765,6252001,-1
10.2307/4331764,6252001,-1
10.2307/4331811,6252001,-1
10.2307/4331811,6269131,-1
10.2307/4331762,2017370,-1
10.2307/4331761,6252001,4174715
10.2307/4331812,-1,-1
10.2307/4331819,2661886,-1
10.2307/4331769,6269131,-1
10.2307/4331589,-1,5317058
10.2307/4331588,6252001,1845136
10.2307/4331587,6269131,2172563
10.2307/4331586,6269131,2745912
10.2307/4331585,2921044,4990729
10.2307/4331585,6269131,4990729
10.2307/4331584,-1,2950159
10.2307/4331581,6252001,-1
10.2307/4331580,2658434,-1
10.2307/4330698,-1,-1
10.2307/4330691,6269131,4914570
10.2307/4330692,2921044,8469294
10.2307/4330693,6269131,4930956
10.2307/4330694,-1,4254679
10.2307/4330695,-1,3143244
10.2307/4330696,2653941,5368361
10.2307/4330697,2782113,-1
10.2307/4331101,-1,-1
10.2307/4331100,4482348,-1
10.2307/4331100,4597040,-1
10.2307/4331107,6269131,-1
10.2307/4331106,6269131,2171507
10.2307/4331109,6269131,2655984
10.2307/4331108,-1,2988507
10.2307/4330746,6269131,5856195
10.2307/4330744,3017382,4929022
10.2307/4330745,4560349,5128581
10.2307/4330967,2658434,-1
10.2307/4330964,6252001,-1
10.2307/4330965,6252001,-1
10.2307/4331617,3469034,-1
10.2307/4331616,-1,-1
10.2307/4331615,2921044,-1
10.2307/4331614,-1,-1
10.2307/4331613,2921044,2950159
10.2307/4331612,6252001,-1
10.2307/4331611,6269131,4560349
10.2307/4330749,2017370,524901
10.2307/4330989,3017382,2965140
10.2307/4330984,6269131,-1
10.2307/4330984,2750405,-1
10.2307/4330981,6252001,-1
10.2307/4330983,6269131,-1
10.2307/4330885,2658434,-1
10.2307/4330884,2921044,-1
10.2307/29737538,6252001,-1
10.2307/29737539,6252001,-1
10.2307/29737530,2921044,2193733
10.2307/29737530,2921044,2190324
10.2307/29737531,2782113,5363943
10.2307/29737531,2921044,5363943
10.2307/29737532,2802361,2792482
10.2307/29737533,6252001,4509884
10.2307/29737534,2755251,2755251
10.2307/29737535,2017370,293788
10.2307/29737536,-1,-1
10.2307/4331774,-1,-1
10.2307/4331803,3996063,3515431
10.2307/4331772,2988507,-1
10.2307/4330777,6252001,5819244
10.2307/4331378,-1,4931482
10.2307/4331379,6269131,6091104
10.2307/4331370,6252001,-1
10.2307/4331371,6252001,-1
10.2307/4331371,2017370,-1
10.2307/4331373,4482348,-1
10.2307/4331376,6252001,-1
10.2307/4331377,2921044,-1
10.2307/4330513,-1,5363943
10.2307/4330512,-1,5327684
10.2307/4330511,2021044,4254679
10.2307/4330511,6269131,4254679
10.2307/4330510,-1,5337696
10.2307/4330517,6269131,-1
10.2307/4330516,-1,-1
10.2307/4330515,-1,4984247
10.2307/4330514,6269131,-1
10.2307/4330514,6252001,-1
10.2307/4331572,3017382,-1
10.2307/4331572,2658434,-1
10.2307/4331573,3017382,-1
10.2307/4331570,6251999,-1
10.2307/4331571,2921044,-1
10.2307/4331576,6252001,-1
10.2307/4331577,2017370,-1
10.2307/4331574,2077456,-1
10.2307/4331574,1650535,-1
10.2307/4331574,1648148,-1
10.2307/4331575,-1,-1
10.2307/4331578,-1,-1
10.2307/4331802,6269131,-1
10.2307/4331775,6252001,-1
10.2307/4331801,357994,-1
10.2307/4331801,3017382,-1
10.2307/4331806,6269131,4931972
10.2307/4331771,-1,-1
10.2307/4331804,6252001,281184
10.2307/4331804,6269131,281184
10.2307/4331804,2017370,281184
10.2307/4331805,-1,4780837
10.2307/4331809,-1,-1
10.2307/4331779,6252001,2643743
10.2307/4331598,6269131,-1
10.2307/4331599,2921044,-1
10.2307/4331595,3017382,-1
10.2307/4331596,-1,-1
10.2307/4331597,2921044,-1
10.2307/4331590,6252001,-1
10.2307/4331591,2077456,-1
10.2307/4331592,5744337,-1
10.2307/4331592,5815135,-1
10.2307/4331592,5909050,-1
10.2307/4331593,-1,-1
10.2307/4331110,2921044,4931972
10.2307/4331111,-1,-1
10.2307/4331112,6251999,-1
10.2307/4331116,6269131,4180439
10.2307/4331117,6269131,4843786
10.2307/4331118,6252001,5261457
10.2307/4331119,6252001,4509177
10.2307/4331974,6252001,4839822
10.2307/4331975,6251999,-1
10.2307/4331972,6269131,-1
10.2307/4331973,-1,-1
10.2307/4331970,2921044,-1
10.2307/4330580,2921044,-1
10.2307/4330581,390903,5134086
10.2307/4330733,6269131,-1
10.2307/4330732,3017382,-1
10.2307/4330731,4407066,4407066
10.2307/4330730,6269131,4954380
10.2307/4330737,6269131,-1
10.2307/4330736,390903,-1
10.2307/4330735,-1,-1
10.2307/4330734,2750405,-1
10.2307/4330734,2017370,-1
10.2307/4331604,4347778,-1
10.2307/4331605,6252001,-1
10.2307/4331606,6252001,-1
10.2307/4330738,6269131,-1
10.2307/4331600,-1,-1
10.2307/4331601,-1,-1
10.2307/4331603,3017382,-1
10.2307/4331517,6252001,-1
10.2307/4330587,-1,-1
10.2307/40271536,-1,-1
10.2307/40271537,4155751,-1
10.2307/4331053,6269131,4558942
10.2307/4331510,6252001,2800866
10.2307/4331055,6252001,-1
10.2307/4331054,2921044,4845419
10.2307/4331054,6252001,4845419
10.2307/4330647,3017382,8469294
10.2307/4330646,6269131,5327684
10.2307/4330645,-1,5720727
10.2307/40271531,3658931,5327684
10.2307/4330643,6252001,4835797
10.2307/4330642,453733,-1
10.2307/4331512,6252001,4560349
10.2307/29737523,-1,-1
10.2307/29737522,6252001,-1
10.2307/29737521,6252001,-1
10.2307/29737521,2782113,-1
10.2307/29737520,5327684,-1
10.2307/29737527,6252001,-1
10.2307/29737525,6252001,-1
10.2307/29737524,-1,-1
10.2307/4332000,2921044,-1
10.2307/4331345,2921044,-1
10.2307/4331344,6252001,-1
10.2307/4331341,2921044,-1
10.2307/4331340,6252001,-1
10.2307/4331343,-1,-1
10.2307/4331342,-1,-1
10.2307/4331349,3077311,-1
10.2307/4331348,6269131,4543762
10.2307/4330508,6269131,-1
10.2307/4330509,-1,-1
10.2307/4331706,6167865,6167865
10.2307/4330500,2921044,-1
10.2307/4330500,2017370,-1
10.2307/4330503,-1,-1
10.2307/4330504,-1,-1
10.2307/4330505,-1,4887398
10.2307/4330506,6252001,-1
10.2307/4330507,2750405,-1
10.2307/4331741,6269131,-1
10.2307/4331740,2017370,-1
10.2307/4331742,6252001,-1
10.2307/4331297,-1,-1
10.2307/4331296,2077456,2759794
10.2307/4331295,6252001,5341704
10.2307/4331294,2802361,-1
10.2307/4331294,6252001,-1
10.2307/4331749,6269131,-1
10.2307/4331748,6269131,-1
10.2307/4331299,6269131,-1
10.2307/4331298,6252001,5393052
10.2307/40271488,6252001,5037649
10.2307/40271486,6252001,5128824
10.2307/40271487,6252001,2657896
10.2307/40271485,6252001,6173331
10.2307/4331129,4943140,4744709
10.2307/4331128,2017370,4930956
10.2307/4331124,2660646,-1
10.2307/4331127,3017382,2759794
10.2307/4331121,6269131,-1
10.2307/4331120,6269131,5128581
10.2307/4331123,6269131,-1
10.2307/4331122,6269131,-1
10.2307/4331909,3017382,-1
10.2307/4331908,2921044,-1
10.2307/4331903,2921044,-1
10.2307/4331901,6252001,-1
10.2307/4331907,6269131,-1
10.2307/4331906,6252001,-1
10.2307/4331905,2510769,-1
10.2307/4331904,4398678,-1
10.2307/4331639,6252001,-1
10.2307/4331638,6252001,-1
10.2307/4330725,2921044,4931972
10.2307/4330726,2510769,2509954
10.2307/4330727,390903,5100748
10.2307/4330728,6252001,5261457
10.2307/4330729,3077311,5969423
10.2307/4331633,6269131,2643743
10.2307/4331632,-1,-1
10.2307/4331635,6269131,-1
10.2307/4331634,6269131,5809844
10.2307/4331637,2921044,2800866
10.2307/4331637,2802361,2800866
10.2307/4331636,6269131,2644688
10.2307/4331954,2921044,-1
10.2307/4331957,6252001,-1
10.2307/4331957,2658434,-1
10.2307/40271569,-1,-1
10.2307/40271568,2761369,-1
10.2307/4331952,6252001,-1
10.2307/4331953,-1,-1
10.2307/4330654,6269131,5327684
10.2307/4330655,6269131,4930956
10.2307/4330656,2510769,4930956
10.2307/4330657,5327684,5327684
10.2307/4330651,390903,5368361
10.2307/4330652,2921044,6167865
10.2307/4330652,3017382,6167865
10.2307/4330653,6252001,4930956
10.2307/4330653,6269131,4930956
10.2307/4331958,6269131,-1
10.2307/4331959,390903,-1
10.2307/29737518,6252001,-1
10.2307/29737519,5855797,-1
10.2307/29737519,6269131,-1
10.2307/29737516,2782113,-1
10.2307/29737517,-1,-1
10.2307/29737514,6269131,4254679
10.2307/29737515,2017370,6167865
10.2307/29737510,-1,-1
10.2307/29737511,6252001,-1
10.2307/4331558,6252001,-1
10.2307/4331558,6251999,-1
10.2307/4331559,-1,-1
10.2307/4331009,6269131,5122432
10.2307/4330644,2921044,2614481
10.2307/4330644,3017382,2614481
10.2307/4331550,-1,-1
10.2307/4331551,2921044,-1
10.2307/4331552,6252001,-1
10.2307/4331553,6252001,-1
10.2307/4331005,3017382,-1
10.2307/4331352,390903,293725
10.2307/4331353,6269131,5327684
10.2307/4331350,2921044,-1
10.2307/4331350,6269131,-1
10.2307/4331351,6269131,5327684
10.2307/4331356,-1,-1
10.2307/4331357,-1,-1
10.2307/4331354,-1,-1
10.2307/4331355,6269131,-1
10.2307/4331358,6252001,-1
10.2307/4331826,6252001,4140963
10.2307/4331795,4801859,-1
10.2307/4330535,6252001,4771075
10.2307/4330534,6252001,5150529
10.2307/4330534,6269131,5150529
10.2307/4330537,-1,-1
10.2307/4330536,-1,4254679
10.2307/4330531,6269131,4887398
10.2307/4330530,3017382,-1
10.2307/4330533,6252001,5159537
10.2307/4330532,2017370,4931972
10.2307/4330539,2802361,4931972
10.2307/4331758,2629691,2643123
10.2307/4331759,6252001,4351977
10.2307/4331759,6269131,4351977
10.2307/4331757,2921044,4839366
10.2307/4331752,6269131,-1
10.2307/4331750,6269131,-1
10.2307/4331280,6252001,2875601
10.2307/4331280,6269131,2875601
10.2307/4331281,3017382,-1
10.2307/4331282,1861060,1849053
10.2307/4331283,2921044,5102922
10.2307/4331284,6269131,5107129
10.2307/4331285,-1,-1
10.2307/4331286,-1,-1
10.2307/4331287,-1,-1
10.2307/4331289,6252001,-1
10.2307/40271494,6252001,-1
10.2307/40271493,-1,-1
10.2307/4331132,2921044,-1
10.2307/4331133,6252001,5224151
10.2307/4331130,6269131,5224151
10.2307/4331131,-1,5224151
10.2307/4331137,2921044,-1
10.2307/4331134,2921044,-1
10.2307/4331918,6269131,-1
10.2307/4331918,2921044,-1
10.2307/4331919,6269131,4347778
10.2307/4331910,6252001,-1
10.2307/4331911,6252001,-1
10.2307/4331912,6252001,-1
10.2307/4331913,6252001,-1
10.2307/4331916,6269131,4174715
10.2307/4331917,6269131,2655984
10.2307/4330719,2510769,-1
10.2307/4330718,6269131,-1
10.2307/4330715,6252001,5368361
10.2307/4330714,390903,4297983
10.2307/4330717,6269131,-1
10.2307/4330711,6269131,2655603
10.2307/4330710,6252001,6167865
10.2307/4330713,6252001,5261457
10.2307/4330713,2921044,5261457
10.2307/4330713,6269131,5261457
10.2307/4330712,-1,5128581
10.2307/4331627,6252001,-1
10.2307/4331625,-1,-1
10.2307/4331622,5843591,-1
10.2307/4331620,6269131,-1
10.2307/4331621,6252001,-1
10.2307/4331628,-1,-1
10.2307/4331629,2921044,-1
10.2307/4330669,390903,5109177
10.2307/4330668,6269131,6167865
10.2307/4330887,2643743,-1
10.2307/4330881,6269131,2172517
10.2307/4330880,390903,5263045
10.2307/4330883,6252001,-1
10.2307/4330882,-1,4407066
10.2307/4330663,3017382,-1
10.2307/4330663,6252001,-1
10.2307/4330663,6269131,-1
10.2307/4330667,6269131,6183235
10.2307/4330666,6269131,4843786
10.2307/4330868,3017382,-1
10.2307/4330866,2510769,4562144
10.2307/4330865,6269131,2171507
10.2307/4330865,2750405,2171507
10.2307/4330864,390903,2792413
10.2307/4330863,6269131,2643743
10.2307/4330862,-1,3530597
10.2307/4330861,-1,6077243
10.2307/29737501,6269131,-1
10.2307/29737501,2017370,-1
10.2307/29737500,6269131,5746545
10.2307/29737503,6269131,-1
10.2307/29737503,1269750,-1
10.2307/29737502,-1,-1
10.2307/29737505,6252001,-1
10.2307/29737505,3469034,-1
10.2307/29737504,3017382,-1
10.2307/29737507,6252001,-1
10.2307/29737506,-1,-1
10.2307/29737509,6269131,-1
10.2307/29737508,-1,-1
10.2307/4331072,6252001,-1
10.2307/4332009,2017370,-1
10.2307/4332008,6252001,-1
10.2307/4331071,6269131,-1
10.2307/4332001,6252001,-1
10.2307/4331070,6269131,2643123
10.2307/4332007,6252001,-1
10.2307/4332006,6252001,-1
10.2307/4332005,-1,-1
10.2307/4332004,-1,-1
10.2307/41653588,5332921,-1
10.2307/41653589,5417618,5318313
10.2307/4330522,6252001,4347778
10.2307/4330523,2638236,4381982
10.2307/4330520,6269131,4991640
10.2307/4330521,-1,2657832
10.2307/4330526,2017370,-1
10.2307/4330527,-1,-1
10.2307/4330524,-1,5206379
10.2307/41653567,2017370,5128581
10.2307/41653567,2017370,6167865
10.2307/41653568,6252001,4560349
10.2307/41653569,6252001,5368361
10.2307/41653569,2017370,5368361
10.2307/4330529,390903,-1
10.2307/4331728,-1,-1
10.2307/4331723,2921044,-1
10.2307/4331722,2782113,-1
10.2307/4331721,5879092,-1
10.2307/4331720,6252001,-1
10.2307/4331720,6251999,-1
10.2307/4331720,2077456,-1
10.2307/4331720,2186224,-1
10.2307/4331726,-1,-1
10.2307/4331724,3077311,-1
10.2307/4330525,6252001,4931972
10.2307/4330975,6252001,4347778
10.2307/4330974,-1,5122432
10.2307/4331437,6252001,5045360
10.2307/4331437,6252001,4543762
10.2307/4331436,6269131,-1
10.2307/4331435,6252001,-1
10.2307/4331926,6269131,-1
10.2307/4331921,6269131,5206379
10.2307/4331432,2017370,5391959
10.2307/4331432,2921044,5391959
10.2307/4331923,-1,5391959
10.2307/4331430,6269131,2643743
10.2307/4331430,1269750,2643743
10.2307/4331381,-1,-1
10.2307/4331380,6252001,-1
10.2307/4331382,3017382,-1
10.2307/4331382,2661886,-1
10.2307/4331929,2751773,-1
10.2307/4331929,2650225,-1
10.2307/4331929,6252001,-1
10.2307/4331384,-1,-1
10.2307/4331439,3017381,-1
10.2307/4331439,2921044,-1
10.2307/4331439,6269131,-1
10.2307/4331438,2921044,-1
10.2307/4331438,2017370,-1
10.2307/4331442,2921044,-1
10.2307/4331442,453733,-1
10.2307/4331440,3017382,-1
10.2307/4331441,-1,-1
10.2307/4331330,2077456,-1
10.2307/4331331,2077456,4931972
10.2307/4330701,-1,-1
10.2307/4330706,3017382,-1
10.2307/4330704,-1,-1
10.2307/4330978,6252001,5139865
10.2307/4330978,6269131,5139865
10.2307/4331653,2750405,-1
10.2307/4331653,2802361,-1
10.2307/4331652,2921044,-1
10.2307/4331651,3017382,-1
10.2307/4331651,6269131,-1
10.2307/4331650,2921044,-1
10.2307/4331650,2017370,-1
10.2307/4331655,-1,-1
10.2307/4331654,6252001,-1
10.2307/4331925,6269131,-1
10.2307/4331925,6252001,-1
10.2307/4330892,2750405,5574991
10.2307/4330893,-1,-1
10.2307/4330890,6269131,2643743
10.2307/4330891,6269131,-1
10.2307/4330896,-1,-1
10.2307/4330894,6269131,5128581
10.2307/4330895,2802361,4931972
10.2307/4330898,-1,-1
10.2307/4330899,2661886,-1
10.2307/4330678,3077311,4931972
10.2307/4330679,6269131,-1
10.2307/40801946,3017382,2988507
10.2307/40801947,2921044,5261457
10.2307/4330878,6269131,2643743
10.2307/4330879,3017382,4931972
10.2307/4330874,-1,-1
10.2307/4330877,2921044,-1
10.2307/4330870,2988507,-1
10.2307/4330871,6269131,-1
10.2307/40801948,6269131,4887398
10.2307/4330873,-1,-1
10.2307/4332018,2017370,4839366
10.2307/4332019,6269131,-1
10.2307/4332013,-1,2643123
10.2307/4332014,6252001,45600349
10.2307/4332015,3017382,2988507
10.2307/4332016,2921044,2867714
10.2307/4332017,6252001,-1
10.2307/4332017,3996063,-1
10.2307/4331792,6269131,-1
10.2307/4331793,3017382,-1
10.2307/4331538,6252001,-1
10.2307/4331539,6252001,-1
10.2307/41653591,5332921,5392952
10.2307/41653590,6252001,5045360
10.2307/41653593,2921044,-1
10.2307/41653573,1814991,4407066
10.2307/41653572,798544,5128581
10.2307/41653571,3175395,3169070
10.2307/41653570,6252001,5102922
10.2307/4330559,-1,6167865
10.2307/41653575,-1,-1
10.2307/41653574,-1,293788
10.2307/4331738,6252001,-1
10.2307/4331739,2921044,-1
10.2307/4331924,6269131,4891382
10.2307/4331732,5113375,2643743
10.2307/4331733,-1,2895044
10.2307/4331734,6269131,5206379
10.2307/4331735,2921044,-1
10.2307/4331736,-1,4469146
10.2307/4331737,6252001,4835654
10.2307/4331434,6252001,5327684
10.2307/4331433,2921044,-1
10.2307/4331920,3017382,2988507
10.2307/4331920,2921044,2988507
10.2307/4331920,3175395,2988507
10.2307/4331431,3017382,-1
10.2307/4331922,-1,2644688
10.2307/4331385,-1,-1
10.2307/4331932,3017382,-1
10.2307/4331933,6269131,-1
10.2307/4331930,6252001,-1
10.2307/4331427,-1,-1
10.2307/4331936,6269131,-1
10.2307/4331936,1814991,-1
10.2307/4331937,1269750,-1
10.2307/4331422,6252001,4929022
10.2307/4331423,3175395,-1
10.2307/4331398,6252001,-1
10.2307/4331399,3017382,-1
10.2307/4331640,6252001,-1
10.2307/4331641,-1,-1
10.2307/4331642,2750405,-1
10.2307/4331643,6269131,-1
10.2307/4331643,2921044,-1
10.2307/4331644,2921044,-1
10.2307/4331645,6269131,-1
10.2307/4331646,3175395,-1
10.2307/4331646,3017382,-1
10.2307/4331646,2921044,-1
10.2307/4331647,6269131,-1
10.2307/4331648,1643084,-1
10.2307/4331002,6269131,-1
10.2307/4330603,6252001,5139865
10.2307/4330602,2623032,4254679
10.2307/4330601,-1,4407066
10.2307/4330607,-1,5206379
10.2307/4330606,6252001,5139865
10.2307/4330605,-1,-1
10.2307/4330604,2921044,5327684
10.2307/4330609,6252001,4914570
10.2307/4330608,6269131,5122432
10.2307/4330849,3017382,-1
10.2307/4330848,-1,-1
10.2307/40801951,4560349,-1
10.2307/40801950,2077456,360603
10.2307/4330843,2638360,2643743
10.2307/40801952,6252001,-1
10.2307/40801955,6269131,-1
10.2307/40801954,-1,-1
10.2307/4330847,3017382,-1
10.2307/40801956,-1,-1
10.2307/4332025,2921044,-1
10.2307/4332024,2921044,-1
10.2307/4332024,3017382,-1
10.2307/4332026,4566966,-1
10.2307/4332026,6252001,-1
10.2307/4332021,6252001,-1
10.2307/4332021,3175395,-1
10.2307/4332023,6254926,-1
10.2307/4332022,-1,-1
10.2307/4332029,390903,-1
10.2307/4330548,-1,5261457
10.2307/4330549,2921044,4839822
10.2307/4331095,6269131,5323777
10.2307/4331094,2921044,2653941
10.2307/4331097,6269131,8596797
10.2307/4331096,-1,-1
10.2307/4331091,-1,-1
10.2307/4331093,-1,4254679
10.2307/4331092,2921044,4254679
10.2307/4331099,6269131,-1
10.2307/4331098,-1,-1
10.2307/4331705,2921044,2950159
10.2307/4331707,6252001,5809844
10.2307/4331254,390903,-1
10.2307/4331701,6252001,-1
10.2307/4331252,-1,-1
10.2307/4331251,-1,-1
10.2307/4331250,6269131,-1
10.2307/4331709,2510769,3117735
10.2307/4331708,2921044,3175121
10.2307/4331259,5332921,5341704
10.2307/4331258,-1,5317058
10.2307/4331899,5332921,5368361
10.2307/4331898,6269131,5317058
10.2307/4331897,3017382,-1
10.2307/4331896,2921044,4407066
10.2307/4331891,2661886,-1
10.2307/4331892,2921044,-1
10.2307/4331411,6269131,-1
10.2307/4331410,-1,-1
10.2307/4331413,6252001,-1
10.2307/4331412,6252001,-1
10.2307/4331414,6252001,-1
10.2307/4331417,-1,2988507
10.2307/4331419,390903,4140963
10.2307/4331418,2661886,4931972
10.2307/4331675,-1,-1
10.2307/4331674,6269131,-1
10.2307/4331677,3175395,-1
10.2307/4331670,3017382,-1
10.2307/4331673,6252001,-1
10.2307/4331672,3017382,-1
10.2307/40271518,-1,5780993
10.2307/40271519,6269131,-1
10.2307/4331079,6252001,4887398
10.2307/4331078,6269131,4954380
10.2307/4331075,6252001,-1
10.2307/4331073,6269131,-1
10.2307/40271515,6252001,5102922
10.2307/40271516,2750405,2745912
10.2307/40271517,2750405,2751773
10.2307/4330676,6269131,4954380
10.2307/4330677,6269131,5072006
10.2307/4330613,6269131,5128581
10.2307/4330614,6269131,4347778
10.2307/4330615,6269131,5969782
10.2307/4330616,3017382,5969423
10.2307/4330617,6269131,5128581
10.2307/4330618,2921044,4887398
10.2307/4330619,-1,-1
10.2307/4330670,6269131,4351977
10.2307/4330671,6269131,4560349
10.2307/4330856,2510769,4562144
10.2307/4330857,6252001,5258393
10.2307/4330855,2750405,5574991
10.2307/4330852,390903,-1
10.2307/4330951,2921044,-1
10.2307/4330773,6269131,6058560
10.2307/4330954,1814991,-1
10.2307/29737552,2921044,-1
10.2307/29737552,6269131,-1
10.2307/29737553,6269131,-1
10.2307/29737550,3017382,5341704
10.2307/29737551,-1,2655984
10.2307/29737556,6252001,-1
10.2307/29737557,5744337,-1
10.2307/29737554,6269131,-1
10.2307/29737555,6252001,-1
10.2307/4332032,2782113,4254679
10.2307/4332033,2653941,4990729
10.2307/4332030,3017382,4508722
10.2307/4332031,2761369,4931972
10.2307/4332034,6252001,-1
10.2307/4331745,6252001,-1
10.2307/4331746,6269131,-1
10.2307/4331746,2510769,-1
10.2307/4331746,2661886,-1
10.2307/4331012,-1,-1
10.2307/41488386,6269131,5992500
10.2307/41488387,390903,5419384
10.2307/41488387,3169070,5419384
10.2307/41488385,-1,2172517
10.2307/41488430,3017382,2990969
10.2307/41488431,6251999,2618425
10.2307/41488432,-1,2643743
10.2307/41488433,-1,-1
10.2307/41488388,953987,3369157
10.2307/41488388,953987,2650225
10.2307/41488389,953987,2640729
10.2307/4330872,6269131,-1
10.2307/4330872,6269131,-1
10.2307/40801949,1861060,4347778
10.1007/s10739-012-9345-5,6269131,4543762
10.1007/s10739-012-9342-8,4887398,4791160
10.1007/s10739-012-9343-7,6252001,2636512
10.1007/s10739-012-9343-7,6269131,2636512
10.1007/s10739-012-9347-3,6252001,4174715
10.1007/s10739-012-9348-2,6252001,1880252
10.1007/s10739-013-9372-x,-1,2756669
10.2307/4331990,2921044,5132103
10.2307/4331991,6269131,2950159
10.2307/4331992,6269131,5351247
10.2307/4331992,6269131,2650188
10.2307/4331993,6269131,281184
10.2307/4331082,6269131,4747845
10.2307/4331083,3017382,-1
10.2307/4331083,2921044,-1
10.2307/4331080,4887398,5525577
10.2307/4331081,3017382,4464368
10.2307/4331086,2510769,-1
10.2307/4331087,2510769,-1
10.2307/4331244,-1,4747845
10.2307/4331713,-1,-1
10.2307/4331246,390903,5368361
10.2307/4331247,6252001,-1
10.2307/4331716,6252001,-1
10.2307/4331242,6269131,4747845
10.2307/4331715,6269131,-1
10.2307/4331719,4155751,-1
10.2307/4331719,4482348,-1
10.2307/4331249,-1,-1
10.2307/4331888,6269131,-1
10.2307/4331888,3017382,-1
10.2307/4331882,6269131,-1
10.2307/4331883,6252001,-1
10.2307/4331880,6269131,-1
10.2307/4331881,6269131,-1
10.2307/4331886,1814991,-1
10.2307/4331887,6269131,-1
10.2307/4331885,6252001,-1
10.2307/4331885,953987,-1
10.2307/4331408,-1,-1
10.2307/4331406,6269131,2988507
10.2307/4331407,-1,4931972
10.2307/4331404,-1,2653941
10.2307/4331405,6254926,2766824
10.2307/4331402,-1,2653941
10.2307/4331402,-1,2988507
10.2307/4331403,5332921,5102922
10.2307/25650648,6252001,-1
10.2307/25650646,6269131,-1
10.2307/25650647,6269131,-1
10.2307/25650644,-1,6077243
10.2307/25650645,-1,5102922
10.2307/25650642,6252001,4699066
10.2307/25650643,6252001,2636910
10.2307/25650641,6269131,-1
10.2307/4331668,-1,-1
10.2307/4331669,2921044,-1
10.2307/4331662,6252001,4469146
10.2307/4331663,6252001,2147714
10.2307/4331660,-1,-1
10.2307/4331661,6252001,5574991
10.2307/4331666,3017382,-1
10.2307/4331516,1814991,-1
10.2307/4331664,2264397,2270229
10.2307/4331664,2264397,2267057
10.2307/4330592,-1,-1
10.2307/4330591,-1,-1
10.2307/4330590,-1,4931972
10.2307/4330597,3017382,1735106
10.2307/4330597,2658434,1735106
10.2307/4331069,6252001,5454711
10.2307/4330595,3175395,5809844
10.2307/4330594,2921044,4560349
10.2307/4331065,3017382,4747845
10.2307/4331065,3017382,3021372
10.2307/4331066,6269131,4984029
10.2307/4331067,6269131,4930956
10.2307/4331060,3017382,-1
10.2307/4331060,2658434,-1
10.2307/4331511,6252001,4140963
10.2307/4330915,6252001,-1
10.2307/4330913,3017382,-1
10.2307/4330912,1814991,-1
10.2307/4330910,6252001,-1
10.2307/4331513,-1,-1
10.2307/4330919,6252001,4991640
10.2307/4330918,6269131,-1
10.2307/4330628,2921044,-1
10.2307/4330625,-1,2643743
10.2307/4330624,2510769,4930956
10.2307/4330627,3017382,4347778
10.2307/4330627,2782113,4347778
10.2307/4330626,-1,5139865
10.2307/4330623,2510769,4834157
10.2307/4330622,3017382,-1
10.2307/4330823,-1,-1
10.2307/4330822,2782113,-1
10.2307/4330821,-1,-1
10.2307/4330820,6269131,-1
10.2307/4330827,2661886,-1
10.2307/4330825,3175395,-1
10.2307/4330824,-1,-1
10.2307/29737549,-1,6354908
10.2307/29737548,6269131,8469294
10.2307/29737548,6252001,8469294
10.2307/29737547,2921044,2661552
10.2307/29737547,6269131,2661552
10.2307/29737546,953987,964137
10.2307/29737541,6252001,-1
10.2307/29737542,-1,-1
10.2307/4330962,3017382,-1
10.2307/41488429,6252001,-1
10.2307/41488428,6252001,293788
10.2307/41488391,2077456,2147714
10.2307/41488390,6252001,2950159
10.2307/41488420,3175395,-1
10.2307/41488427,-1,-1
10.2307/41488426,2618425,-1
10.2307/41488397,6252001,-1
10.2307/41488396,-1,-1
10.2307/4330960,6269131,8469294
10.2307/4330720,6252001,-1
10.2307/4331712,6252001,-1
10.2307/4331245,6252001,4887398
10.2307/4331710,6252001,5037649
10.2307/4331711,2921044,-1
10.2307/4331271,-1,-1
10.2307/4331270,2921044,-1
10.2307/4331273,6269131,-1
10.2307/4331272,6269131,-1
10.2307/4331714,3658931,-1
10.2307/4331279,6252001,5381396
10.2307/4331278,6252001,4747845
10.2307/4331243,2921044,5351247
10.2307/4331877,6252001,2950159
10.2307/4331876,953987,-1
10.2307/4331875,2921044,4509177
10.2307/4331874,6269131,2641170
10.2307/4331871,6269131,-1
10.2307/4331870,3469034,-1
10.2307/4331878,6269131,-1
10.2307/4331189,6269131,2161608
10.2307/4331188,6269131,-1
10.2307/4331183,2921044,-1
10.2307/4331182,-1,-1
10.2307/4331180,2921044,-1
10.2307/4331187,6269131,-1
10.2307/4331479,3017382,2988507
10.2307/4331479,3017382,4747845
10.2307/4331478,6269131,5128581
10.2307/4331473,6269131,-1
10.2307/4331472,3017382,-1
10.2307/4331471,4155751,-1
10.2307/4331470,5332921,-1
10.2307/4331477,2761369,4347778
10.2307/4331476,-1,4347778
10.2307/4331983,2510769,-1
10.2307/4331983,6252001,-1
10.2307/4331982,6269131,-1
10.2307/4331982,6252001,-1
10.2307/4331981,6252001,-1
10.2307/4331980,-1,-1
10.2307/4331986,6252001,-1
10.2307/4331985,1861060,-1
10.2307/4331984,6252001,-1
10.2307/4331989,6269131,4991640
10.2307/4331697,6252001,-1
10.2307/4331696,6269131,-1
10.2307/4331695,6269131,-1
10.2307/4331694,-1,-1
10.2307/4331690,6252001,-1
10.2307/4331698,2017370,-1
10.2307/4331507,-1,5097751
10.2307/4331058,6269131,-1
10.2307/4330582,6269131,5139865
10.2307/4330583,3017382,4914570
10.2307/4331502,6252001,-1
10.2307/4330586,6269131,2637487
10.2307/40271539,-1,-1
10.2307/4331051,6252001,5327684
10.2307/4331050,-1,5327684
10.2307/40271534,6269131,-1
10.2307/40271535,6269131,3413829
10.2307/40271532,6252001,5720727
10.2307/40271533,3017382,6167865
10.2307/40271533,6269131,6167865
10.2307/4331509,6269131,5317058
10.2307/4331508,6269131,2655603
10.2307/4330905,6269131,4180386
10.2307/4330906,6269131,2950159
10.2307/4330907,6252001,5101717
10.2307/4330900,3175395,-1
10.2307/4330901,6269131,-1
10.2307/4330908,6269131,3143244
10.2307/4330909,-1,4931972
10.2307/4330638,6252001,-1
10.2307/4330639,390903,4407066
10.2307/4330632,2638360,5261457
10.2307/4330633,2658434,4931972
10.2307/4330636,-1,4843786
10.2307/4330637,-1,-1
10.2307/4330634,6269131,4560349
10.2307/4330635,6269131,5967629
10.2307/4330831,6269131,-1
10.2307/4330832,6269131,4931972
10.2307/4330833,-1,2653941
10.2307/4330834,6269131,4931972
10.2307/4330835,3017382,4560349
10.2307/4330836,6269131,-1
10.2307/4330837,-1,-1
10.2307/4330838,6269131,-1
10.1007/s10739-012-9338-4,2658434,4887398
10.1007/s10739-012-9341-9,2921044,3530139
10.1007/s10739-012-9341-9,6269131,3530139
10.1007/s10739-012-9339-3,6252001,5327684
10.2307/42628791,-1,2950159
10.1007/s10739-013-9360-1,-1,-1
10.1007/s10739-013-9361-0,6252001,-1
10.2307/29737444,6252001,5102922
10.2307/29737445,6252001,-1
10.2307/29737446,6269131,2653941
10.2307/29737447,3017382,2968705
10.2307/29737443,6252001,5102922
10.2307/29737443,6252001,3117735
10.2307/29737443,6269131,5102922
10.2307/29737443,6269131,3117735
10.2307/29737443,3017382,5102922
10.2307/29737443,3017382,3117735
10.2307/29737443,2658434,5102922
10.2307/29737443,2658434,3117735
10.2307/29737448,2658434,3117735
10.2307/29737449,6252001,-1
10.2307/41488418,6252001,-1
10.2307/41488419,6269131,-1
10.2307/41488416,1861060,5123459
10.2307/41488417,6252001,-1
10.2307/41488414,-1,5946768
10.2307/41488415,6252001,5102922
10.2307/41488412,6269131,5261457
10.2307/41488412,6269131,4887398
10.2307/41488413,2750405,2751773
10.2307/4331767,6269131,-1
10.2307/4331817,2077456,-1
10.2307/4331816,-1,-1
10.2307/4331763,6252001,-1
10.2307/4331810,6252001,-1
10.2307/4331760,6252001,5574991
10.1007/s10739-012-9326-8,-1,4265737
10.1007/s10739-012-9327-7,-1,-1
10.1007/s10739-012-9319-7,3017392,5720727
10.1007/s10739-012-9319-7,6269131,5720727
10.1007/s10739-012-9349-1,3017382,2797656
10.1007/s10739-012-9349-1,6269131,2797656
10.1007/s10739-012-9335-7,3017382,2950159
10.1007/s10739-013-9356-x,6252001,-1
10.1007/s10739-013-9357-9,6252001,-1
10.1007/s10739-013-9357-9,1861060,-1
10.1007/s10739-013-9358-8,6252001,-1
10.2307/4331268,-1,4747845
10.2307/4331266,2623032,4839366
10.2307/4331267,6252001,4560349
10.2307/4331264,-1,4747845
10.2307/4331265,6252001,4560349
10.2307/4331262,-1,4747845
10.2307/4331263,6252001,4839366
10.2307/4331260,6252001,-1
10.2307/4331261,-1,-1
10.2307/4331864,3175395,-1
10.2307/4331866,6252001,-1
10.2307/4331867,3017382,-1
10.2307/4331860,-1,-1
10.2307/4331861,6252001,-1
10.2307/4331862,3562981,-1
10.2307/4331862,4566966,-1
10.2307/4331863,6252001,-1
10.2307/40802750,6254928,-1
10.2307/40802751,6252001,-1
10.2307/4331868,6252001,-1
10.2307/4331869,3865483,-1
10.2307/4331198,2921044,-1
10.2307/4331190,-1,281184
10.2307/4331191,3077311,3169070
10.2307/4331192,6252001,5398563
10.2307/4331193,6252001,-1
10.2307/4331193,6269131,-1
10.2307/4331194,-1,-1
10.2307/4331195,2510769,-1
10.2307/4331196,3017382,-1
10.2307/4331197,6252001,-1
10.2307/4331197,1861060,-1
10.2307/4331469,6252001,-1
10.2307/4331460,6252001,-1
10.2307/4331463,6252001,5809844
10.2307/4331464,6252001,4846834
10.2307/4331465,6252001,5741646
10.2307/4331466,-1,5341704
10.2307/4331467,6269131,2820860
10.2307/40271521,5128638,-1
10.2307/40271523,6252001,-1
10.2307/40271522,6252001,-1
10.2307/40271525,-1,-1
10.2307/40271524,-1,-1
10.2307/40271526,2510769,-1
10.2307/25650624,6252001,2643743
10.2307/25650625,6269131,2267057
10.2307/25650626,6269131,3530597
10.2307/25650627,2750405,4407066
10.2307/25650627,2750405,3177090
10.2307/4331994,-1,-1
10.2307/4331995,6269131,-1
10.2307/4331995,3017382,-1
10.2307/4331995,2264397,-1
10.2307/4331995,2510769,-1
10.2307/4331995,2750405,-1
10.2307/4331996,6269131,-1
10.2307/4331997,6269131,-1
10.2307/4331998,6252001,-1
10.2307/4331999,3017382,-1
10.2307/25650628,6252001,4347778
10.2307/25650629,6252001,-1
10.2307/4331684,6269131,8516282
10.2307/4331685,6269131,2525068
10.2307/4331686,2921044,4254679
10.2307/4331687,6252001,-1
10.2307/4331682,-1,5317058
10.2307/4331683,6269131,2650188
10.2307/4331688,6269131,8469294
10.2307/4331689,6269131,2950159
10.2307/4331514,-1,-1
10.2307/4331515,6252001,-1
10.2307/4331044,390903,-1
10.2307/4331044,6252001,-1
10.2307/4331044,2921044,-1
10.2307/4331045,6269131,-1
10.2307/4331042,2510769,2509954
10.2307/4331043,-1,-1
10.2307/4331040,2921044,4929022
10.2307/4331041,3017382,2657896
10.2307/4331518,6252001,-1
10.2307/4331519,5101760,-1
10.2307/4331049,6252001,4543762
10.2307/4330931,6252001,5809844
10.2307/4330933,3175395,4560349
10.2307/4330932,2921044,4347778
10.2307/4330935,6269131,-1
10.2307/4330934,-1,5525577
10.2307/4330939,2638360,-1
10.2307/4330938,-1,-1
10.2307/4330489,6269131,4407066
10.2307/4330488,2921044,4254679
10.2307/4330483,-1,-1
10.2307/4330485,2017370,4931972
10.2307/4330484,2750405,5206379
10.2307/4330487,6269131,4931972
10.2307/4330486,2077456,4931972
10.2307/4330809,-1,-1
10.2307/4330808,6269131,-1
10.2307/4330805,6252001,5128581
10.2307/4330804,3017382,5720727
10.2307/4330807,3017382,-1
10.2307/4330806,2017370,-1
10.2307/4330801,6269131,2655603
10.2307/4330800,3658931,2655603
10.2307/4330803,3017382,4984247
10.2307/4330802,390903,5263045
10.2307/4331068,6252001,6167865
10.2307/4330596,2638360,5122432
10.2307/4330599,2017370,5180225
10.2307/4330598,-1,5206379
10.2307/29737457,-1,-1
10.2307/29737456,6252001,-1
10.2307/29737455,6252001,-1
10.2307/29737454,5843591,-1
10.2307/29737453,4155751,-1
10.2307/29737452,5368361,-1
10.2307/29737451,6252001,-1
10.2307/29737450,6269131,-1
10.2307/29737458,-1,-1
10.2307/41488401,6269131,2176632
10.2307/41488400,2921044,2792482
10.2307/41488403,2921044,2751773
10.1007/s10739-012-9344-6,2921044,5327684
10.1007/s10739-012-9344-6,2921044,5102922
10.2307/41488405,6269131,-1
10.2307/41488404,798544,3094802
10.2307/41488407,6252001,-1
10.2307/41488406,6252001,-1
10.2307/41488409,6269131,-1
10.2307/41488408,-1,-1
10.1007/s10739-012-9337-5,390903,5720727
10.1007/s10739-012-9337-5,390903,4254679
10.1007/s10739-012-9337-5,3169070,5720727
10.1007/s10739-012-9337-5,3169070,4254679
10.2307/4331218,6269131,5122432
10.2307/4331210,3017382,-1
10.2307/4331217,6269131,2650225
10.2307/4331216,-1,-1
10.2307/4331215,1861060,4560349
10.2307/4331214,-1,-1
10.2307/41653576,6252001,-1
10.2307/4331851,6269131,4887398
10.2307/4331850,2921044,4174715
10.2307/4331853,6269131,5206379
10.2307/4331852,3017382,3530597
10.2307/40802749,6252001,-1
10.2307/40802748,6252001,-1
10.2307/40802748,6269131,-1
10.2307/4331856,6252001,-1
10.2307/40802745,6269131,-1
10.2307/40802744,6269131,4487042
10.2307/40802747,4361885,-1
10.2307/40802746,6269131,-1
10.2307/40802741,1861060,5122432
10.2307/40802741,6252001,5122432
10.2307/40802741,1605651,5122432
10.2307/40802740,-1,5317058
10.2307/40802743,6269131,5327684
10.2307/40802742,6252001,3117735
10.2307/4331327,-1,4347778
10.2307/4331326,-1,2988507
10.2307/4331325,6252001,-1
10.2307/4331324,6252001,6077243
10.2307/4331324,3175395,6077243
10.2307/4331451,3469034,2988507
10.2307/4331450,6252001,-1
10.2307/4331453,6252001,4931972
10.2307/4331453,2017370,4931972
10.2307/4331452,-1,4930956
10.2307/4331458,6269131,-1
10.2307/4331329,2623032,-1
10.2307/4331328,-1,6077243
10.2307/4330961,6252001,-1
10.2307/4330743,6269131,5072006
10.2307/40271554,5391959,-1
10.2307/40271555,6252001,-1
10.2307/40271550,6252001,4180386
10.2307/40271551,2921044,2751773
10.2307/40271552,6269131,-1
10.2307/40271552,2017370,-1
10.2307/40271553,3170647,-1
10.2307/40271553,2988507,-1
10.2307/40271553,2643743,-1
10.2307/40271558,6269131,2644688
10.2307/40271559,6252001,5812944
10.2307/25650636,6252001,-1
10.2307/25650635,6252001,-1
10.2307/25650634,6252001,-1
10.2307/25650633,6252001,-1
10.2307/25650630,6252001,-1
10.2307/4331520,2921044,-1
10.2307/4331523,2921044,4407066
10.2307/4331523,6252001,4407066
10.2307/4331030,-1,-1
10.2307/4331525,6269131,2653117
10.2307/4331524,6252001,5392952
10.2307/4331527,-1,4780837
10.2307/4331034,-1,-1
10.2307/4331529,-1,4156404
10.2307/4331528,6269131,5128581
10.2307/4331039,6252001,4350635
10.2307/4331038,6269131,4558942
10.2307/4330496,2782113,3078610
10.2307/4330497,-1,5206379
10.2307/4330494,6252001,-1
10.2307/4330495,2750405,4560349
10.2307/4330493,2921044,4931972
10.2307/4330490,3017382,2988507
10.2307/4330491,3017382,-1
10.2307/4331147,6269131,4887398
10.2307/4331146,6252001,5393052
10.2307/4331145,6252001,6167865
10.2307/4331144,6269131,2650225
10.2307/4331143,6269131,2191562
10.2307/4331142,-1,5327684
10.2307/4331141,6269131,5102922
10.2307/4331141,3017382,5102922
10.2307/4330499,5102922,4407066
10.2307/4330499,5102922,4931972
10.2307/4330818,6269131,2655603
10.2307/4330819,235616,5216774
10.2307/4330810,6252001,-1
10.2307/4330811,3017382,-1
10.2307/4330816,6269131,4887398
10.2307/4330817,6269131,4931972
10.2307/4330814,-1,-1
10.2307/4330815,6269131,4520760
10.2307/4331700,-1,-1
10.2307/4330928,-1,-1
10.2307/4330926,6251999,-1
10.2307/4330927,-1,-1
10.2307/4330924,6269131,-1
10.2307/4330925,-1,-1
10.2307/4330922,6252001,5258393
10.2307/4330922,6251999,5258393
10.2307/4330923,-1,8469294
10.2307/4330920,6269131,5969782
10.2307/4330921,2661886,2153770
10.2307/4330921,2921044,2153770
10.2307/4331498,-1,-1
10.2307/4331397,6252001,-1
10.2307/4330588,1275004,4834157
10.2307/29737468,6252001,4174715
10.2307/29737469,6252001,-1
10.2307/29737463,-1,5363943
10.2307/4331496,6252001,4351977
10.2307/4331496,6252001,4142643
10.2307/4331496,2638360,4351977
10.2307/4331496,2638360,4142643
10.2307/29737466,2017370,4839366
10.2307/29737467,6252001,4574989
10.2307/29737467,6269131,4574989
10.2307/29737464,6269131,6167865
10.2307/29737465,6269131,2649808
10.2307/4330589,2017370,-1
10.2307/4330739,3017382,-1
10.2307/4331392,6252001,4931972
10.2307/4331393,6252001,-1
10.1007/s10739-012-9346-4,6252001,3170647
10.2307/4330675,6269131,4351977
10.2307/29737480,390903,4744709
10.2307/29737481,6269131,4954801
10.2307/29737482,2921044,4254679
10.2307/29737483,6269131,4142643
10.2307/29737484,6252001,4543762
10.2307/29737485,6252001,-1
10.2307/29737485,6269131,-1
10.2307/29737486,2661886,-1
10.2307/29737487,6252001,-1
10.2307/29737487,6269131,-1
10.2307/29737488,1861060,-1
10.2307/29737489,6252001,-1
10.2307/4331547,6252001,-1
10.2307/4331547,2759794,-1
10.2307/4331547,2782113,-1
10.2307/4331546,6252001,5037649
10.2307/4331208,6252001,-1
10.2307/4331209,-1,-1
10.2307/4331013,6252001,-1
10.2307/4331013,2921044,-1
10.2307/4331201,6269131,4156404
10.2307/4331201,6269131,5398563
10.2307/4331201,6252001,4156404
10.2307/4331201,6252001,5398563
10.2307/4331201,2921044,4156404
10.2307/4331201,2921044,5398563
10.2307/4331202,4887398,4747845
10.2307/4331202,2745912,4747845
10.2307/4331203,-1,5177568
10.2307/4331204,6269131,3448439
10.2307/4331205,6252001,-1
10.2307/4331206,6252001,-1
10.2307/4331207,6252001,-1
10.2307/4331396,6252001,-1
10.2307/4331425,-1,-1
10.2307/4331394,6252001,-1
10.2307/4331395,6269131,-1
10.2307/4331420,-1,-1
10.2307/4331421,6252001,4143861
10.1007/s10739-012-9334-8,2921044,3068160
10.2307/4331390,2017370,498817
10.1007/s10739-012-9325-9,-1,4407066
10.2307/4331391,5224323,517773
10.2307/4331391,5224323,5101717
10.2307/42628761,6252001,4407066
10.2307/4331785,6252001,-1
10.2307/41488402,6269131,1277333
10.2307/4331784,6252001,-1
10.2307/4331334,6252001,6101645
10.2307/4331335,-1,2766824
10.2307/4331336,6269131,4644585
10.2307/4331337,6269131,4254679
10.2307/4331446,-1,-1
10.2307/4331447,2802361,-1
10.2307/4331447,2921044,-1
10.2307/4331781,-1,281184
10.2307/4331448,3469034,3037854
10.2307/4331449,3017382,6077243
10.2307/4331338,6252001,4945609
10.2307/4331338,6269131,4945609
10.2307/4331339,6252001,-1
10.2307/4331780,6269131,2643743
10.2307/4331782,2921044,2759794
10.2307/40271547,6252001,5317058
10.2307/40271546,6252001,5317058
10.2307/40271546,2921044,5317058
10.2307/40271545,6252001,5317058
10.2307/40271542,3017382,-1
10.2307/40271542,6252001,-1
10.2307/40271542,6269131,-1
10.2307/40271541,6269131,-1
10.2307/40271549,6252001,4347778
10.2307/40271548,6252001,4747845
10.2307/4330795,2017370,-1
10.2307/4330794,2921044,-1
10.2307/4330796,298795,-1
10.2307/4330791,-1,-1
10.2307/4330790,6252001,4407066
10.2307/4330793,3017382,-1
10.2307/4330792,-1,-1
10.2307/4330799,6269131,-1
10.2307/4330557,2921044,-1
10.2307/4330556,6269131,4140963
10.2307/4330555,2017370,-1
10.2307/4330554,6269131,2650225
10.2307/4330553,6252001,5139865
10.2307/4330552,-1,2644688
10.2307/4330551,6252001,-1
10.2307/4330550,6252001,5261457
10.2307/4331536,6252001,-1
10.2307/4331536,6269131,-1
10.2307/4331537,6269131,-1
10.2307/4331535,2921044,-1
10.2307/4331532,-1,-1
10.2307/4331533,-1,-1
10.2307/4331530,6252001,-1
10.2307/4331531,6252001,-1
10.2307/4331531,6269131,-1
10.2307/4331531,3175395,-1
10.2307/4331020,6252001,5037649
10.2307/4331020,2017370,5037649
10.2307/4331021,6252001,4930956
10.2307/4331022,-1,4931972
10.2307/4331023,6252001,5261457
10.2307/4331023,2017370,5261457
10.2307/4331024,-1,5490263
10.2307/4331025,6254925,4305210
10.2307/4331026,6252001,-1
10.2307/4331027,-1,-1
10.2307/4331028,3175395,-1
10.2307/4331029,453733,-1
10.2307/4331843,2921044,-1
10.2307/4331840,6252001,-1
10.2307/4331841,-1,-1
10.2307/4331830,1814991,1816670
10.2307/4331158,-1,5398563
10.2307/4331159,6252001,5381396
10.2307/4331156,2650225,2643743
10.2307/4331157,-1,2759794
10.2307/4331150,6269131,-1
10.2307/4331150,2921044,-1
10.2307/4331150,6252001,-1
10.2307/4331151,2661886,-1
10.2307/4331153,-1,-1
10.2307/4330959,2921044,2820860
10.2307/4330958,390903,4140963
10.2307/4330779,6252001,4407066
10.2307/4330778,6252001,5490263
10.2307/4330953,3175395,-1
10.2307/4330776,6252001,5183234
10.2307/4330775,6252001,-1
10.2307/4330774,2921044,4487042
10.2307/4330774,390903,4487042
10.2307/4330774,3169070,4487042
10.2307/4330957,6269131,4747845
10.2307/4330770,390903,-1
10.2307/4331978,6252001,-1
10.2307/4331389,2750405,2745912
10.2307/29737475,-1,-1
10.2307/29737474,6251999,-1
10.2307/29737477,2921044,-1
10.2307/29737476,6252001,-1
10.2307/29737471,390903,-1
10.2307/29737471,3169070,-1
10.2307/29737470,2921044,-1
10.2307/29737473,-1,-1
10.2307/4331052,-1,5037649
10.2307/4331388,6252001,293397
10.2307/4331976,-1,-1
10.2307/4331056,6269131,2653941
10.2307/41488460,2921044,-1
10.2307/29737497,2921044,2759794
10.2307/29737497,2750405,2759794
10.2307/29737497,3144096,2759794
10.2307/29737496,6252001,4990729
10.2307/29737499,6252001,5087168
10.2307/29737498,6252001,4543762
10.2307/4331235,2017370,524901
10.2307/4331234,6252001,4887398
10.2307/4331237,-1,-1
10.2307/4331236,3017382,-1
10.2307/4331236,2921044,-1
10.2307/4331236,6269131,-1
10.2307/4331231,2017370,524901
10.2307/4331230,6269131,5318313
10.2307/4331230,2921044,5318313
10.2307/4331230,6252001,5318313
10.2307/4331230,2017370,5318313
10.2307/4331233,6252001,4931972
10.2307/4331232,2017370,524901
10.2307/4331238,-1,-1
10.2307/4331855,6252001,5197079
10.2307/4331854,1814991,1668341
10.2307/4331301,6252001,-1
10.2307/4331300,6269131,-1
10.2307/4331304,-1,-1
10.2307/4331309,-1,2655984
10.2307/4331947,6269131,2657896
10.2307/4331946,3175395,4887398
10.2307/4331945,3996063,3530597
10.2307/4331945,3996063,3117735
10.2307/4331945,3996063,5359777
10.2307/4331944,3078610,2643123
10.2307/4331944,3078610,3078610
10.2307/4331943,6252001,5165445
10.2307/4331942,1269750,-1
10.2307/4331493,6254926,5110269
10.2307/4331492,3017382,2988507
10.2307/4331495,4361885,4347778
10.2307/4331494,3175395,-1
10.2307/4331949,6252001,-1
10.2307/4331948,2921044,-1
10.2307/4330780,-1,4254679
10.2307/4330786,2921044,4929022
10.2307/4330787,6269131,4845419
10.2307/4330784,6269131,4887398
10.2307/4330785,6269131,6077243
10.2307/4330788,-1,281184
10.2307/4330789,-1,5192726
10.2307/4330544,2921044,4671654
10.2307/4330545,6269131,-1
10.2307/4330546,-1,-1
10.2307/4331548,3017382,4487042
10.2307/4331548,6252001,4487042
10.2307/4330540,-1,4931972
10.2307/4330541,-1,2153770
10.2307/4330542,6269131,5102922
10.2307/4330543,3017382,-1
10.2307/4331015,6269131,-1
10.2307/4331014,-1,-1
10.2307/4331540,6252001,-1
10.2307/4331011,-1,2988507
10.2307/4331010,2921044,2949186
10.2307/4331545,6252001,5037649
10.2307/4331544,6252001,4156404
10.2307/4331839,-1,-1
10.2307/4331789,6269131,-1
10.2307/4331788,1861060,-1
10.2307/4331788,4566966,-1
10.2307/4331833,3169070,-1
10.2307/4331833,6252001,-1
10.2307/4331832,6252001,4931972
10.2307/4331831,6269131,5102922
10.2307/4331831,3017382,5102922
10.2307/4331786,2921044,-1
10.2307/4331837,6252001,-1
10.2307/4331836,2643743,-1
10.2307/4331783,-1,-1
10.2307/4331834,6269131,-1
10.2307/4331161,-1,2113015
10.2307/4331160,6269131,4887398
10.2307/4331163,6251999,-1
10.2307/4331162,6269131,4347778
10.2307/4331165,-1,-1
10.2307/4331164,2921044,-1
10.2307/4331164,3469034,-1
10.2307/4331164,3017382,-1
10.2307/4331164,2017370,-1
10.2307/4331167,6269131,-1
10.2307/4331166,6252001,-1
10.2307/4331455,6252001,-1
10.2307/4331455,6251999,-1
10.2307/4331454,-1,-1
10.2307/4331457,6252001,-1
10.2307/4331457,6251999,-1
10.2307/4331456,3017382,-1
10.2307/4330760,-1,-1
10.2307/4330945,-1,4931972
10.2307/4330948,6269131,-1
10.2307/4330768,390903,5206379
10.2307/4330769,2921044,-1
10.2307/4330765,6269131,5072006
10.2307/4330766,6269131,4954380
10.2307/4330767,3017382,4140963
10.2307/4330944,2921044,-1
10.2307/4331619,6252001,-1
10.2307/4330946,6269131,5128581
10.2307/4330947,6269131,5317058
10.2307/4330947,3017382,5317058
10.2307/4330947,2802361,5317058
10.2307/4330947,3175395,5317058
